,1961,1962,1963,1964,1965,1966,1967,1968,1969,1970,1971,1972,1973,1974,1975,1976,1977,1978,1979,1980,1981,1982,1983,1984,1985,1986,1987,1988,1989,1990,1991,1992,1993,1994,1995,1996,1997,1998,1999,2000,2001,2002,2003,2004,2005,2006,2007,2008,2009,2010,2011,2012,2013,2014,2015,2016,2017,2018,2019,2020,2021,2022,2023,2024,2025,2026,2027,2028,2029,2030,2031,2032,2033,2034,2035,2036,2037,2038,2039,2040,2041,2042,2043,2044,2045,2046,2047,2048,2049,2050
BRAZIL.commodity_area_harvested_data,6972370,7429045,8049991,8191940,8862391,8801438,9371227,9690895,9746223,9947288,10641196,10615446,10169738,10887986,11071765,11362545,12138442,11425327,11578785,11715315,11871658,13051365,11096554,12408953,12270702,12916168,14001812,13645315,13434063,11884720,13650069,13921466,12400199,14308830,14384545,12421921,13211716,11309750,12368011,12523170,13267050,12626410,14188679,13885850,12900561,13791407,14719513,15528160,14712501,13741082,0,0,0,0,0,0,0,0,0,0,0,0,0,0,0,0,0,0,0,0,0,0,0,0,0,0,0,0,0,0,0,0,0,0,0,0,0,0,0,0
...,1022230,743459,793494,733597,766640,716981,830869,970128,1407120,1895250,2268930,2319960,1839390,2471150,2931510,3539890,3153330,2811190,3830540,3122110,1920140,2827930,1879080,1741670,2676730,3897720,3454840,3476290,3282320,2680990,2049460,1955620,1482230,1348850,994734,1795980,1521540,1408850,1249760,1065900,1727390,2104900,2560230,2807220,2495568,1661268,1933327,2439530,2495755,2223582,0,0,0,0,0,0,0,0,0,0,0,0,0,0,0,0,0,0,0,0,0,0,0,0,0,0,0,0,0,0,0,0,0,0,0,0,0,0,0,0
...,3174040,3349810,3721800,4182360,4618900,4004850,4291150,4458950,4620700,4979170,4764000,4532930,4794830,4664880,5306270,6656480,5992090,5623520,5452090,6243140,6101770,6024660,5108250,5351470,4754690,5590930,6000020,5960980,5254160,3946690,4121600,4687020,4411320,4414800,4373540,3253770,3058130,3062200,3813270,3655290,3142640,3145870,3180860,3733150,3915860,2970920,2890930,2850680,2872040,2709650,0,0,0,0,0,0,0,0,0,0,0,0,0,0,0,0,0,0,0,0,0,0,0,0,0,0,0,0,0,0,0,0,0,0,0,0,0,0,0,0
...,0,0,0,0,0,0,0,0,0,0,0,0,0,0,0,0,0,0,0,0,0,0,0,0,0,0,0,0,0,0,0,0,0,0,0,0,0,0,0,0,0,0,0,0,0,0,0,0,0,0,0,0,0,0,0,0,0,0,0,0,0,0,0,0,0,0,0,0,0,0,0,0,0,0,0,0,0,0,0,0,0,0,0,0,0,0,0,0,0,0
...,1157051,1286970,1299759,1384587,1626375,1781187,2006090,1994080,2180590,2636190,3072934,3584148,4837908,6352042,6748698,7229269,7733905,8567890,9130527,9753876,9445778,9159665,8846939,10231087,11094978,10054872,9789332,11174381,12856023,12190216,10287432,10072241,11192027,12047530,12167406,10805935,12058740,13815868,13661965,14358725,14676660,17024518,19195852,22267802,23821485,22814656,21336950,22072187,22531730,24022259,0,0,0,0,0,0,0,0,0,0,0,0,0,0,0,0,0,0,0,0,0,0,0,0,0,0,0,0,0,0,0,0,0,0,0,0,0,0,0,0
...,1366640,1466620,1509010,1519490,1705080,1635500,1680760,1686730,1672100,1725120,1728000,1802650,1958780,2056690,1969230,2093480,2270040,2391460,2536980,2607630,2825880,3084300,3478790,3655810,3912040,3944680,4308680,4113230,4067700,4272600,4210950,4202600,3863700,4345260,4559060,4750300,4814080,4985820,4898840,4845990,4957590,5100480,5371020,5631740,5805520,6355500,7080920,8140090,8523420,9080770,0,0,0,0,0,0,0,0,0,0,0,0,0,0,0,0,0,0,0,0,0,0,0,0,0,0,0,0,0,0,0,0,0,0,0,0,0,0,0,0
,,,,,,,,,,,,,,,,,,,,,,,,,,,,,,,,,,,,,,,,,,,,,,,,,,,,,,,,,,,,,,,,,,,,,,,,,,,,,,,,,,,,,,,,,,
CAN.commodity_area_harvested_data,6765268,7514805,7423188,6674778,7200131,7615576,7643687,7966285,8267307,8510478,10287787,9235074,9210622,8965708,8634275,8425187,8551643,7929090,7193618,8138833,9282307,8992722,7872225,7972312,8012252,7963882,8118709,7324504,8240301,7485195,6740676,6377972,7092624,7206451,7168829,8323038,7786038,7643425,7129483,7349138,7147777,6481285,7607423,6770800,6450775,6274447,7595572,6516919,5375761,4741551,0,0,0,0,0,0,0,0,0,0,0,0,0,0,0,0,0,0,0,0,0,0,0,0,0,0,0,0,0,0,0,0,0,0,0,0,0,0,0,0
...,10245000,10853000,11156000,12018000,11453000,12016000,12189300,11907900,10101400,5051780,7853500,8639800,9575010,8938000,9478740,11251700,10115400,10575100,10523100,11208400,12426600,12521000,13680500,13160900,13729000,14229400,13457700,12944300,13718593,14098574,14161993,13831500,12387000,10790700,11139200,12278600,11424900,10715200,10416500,10891200,10618400,8723800,10248100,9417200,9420800,9694000,8656500,10047500,9650300,8290900,0,0,0,0,0,0,0,0,0,0,0,0,0,0,0,0,0,0,0,0,0,0,0,0,0,0,0,0,0,0,0,0,0,0,0,0,0,0,0,0
...,0,0,0,0,0,0,0,0,0,0,0,0,0,0,0,0,0,0,0,0,0,0,0,0,0,0,0,0,0,0,0,0,0,0,0,0,0,0,0,0,0,0,0,0,0,0,0,0,0,0,0,0,0,0,0,0,0,0,0,0,0,0,0,0,0,0,0,0,0,0,0,0,0,0,0,0,0,0,0,0,0,0,0,0,0,0,0,0,0,0
...,0,0,0,0,0,0,0,0,0,0,0,0,0,0,0,0,0,0,0,0,0,0,0,0,0,0,0,0,0,0,0,0,0,0,0,0,0,0,0,0,0,0,0,0,0,0,0,0,0,0,0,0,0,0,0,0,0,0,0,0,0,0,0,0,0,0,0,0,0,0,0,0,0,0,0,0,0,0,0,0,0,0,0,0,0,0,0,0,0,0
...,1280042,870710,1034537,1276158,1715335,1608740,1295059,1393885,2019230,3224856,3191505,2182435,2239498,2183658,2644630,1251675,2415254,3825486,4842664,3140660,2351000,2904600,3244000,4416500,4117900,3990000,3870800,4917000,4309700,4003958,4434535,4084195,5594100,7714600,7264500,5151200,7009900,7615900,7631200,6792300,5742800,5637400,6903100,6901893,7337126,7436196,8293996,8575893,8660061,8588000,0,0,0,0,0,0,0,0,0,0,0,0,0,0,0,0,0,0,0,0,0,0,0,0,0,0,0,0,0,0,0,0,0,0,0,0,0,0,0,0
...,34368,34267,38535,40999,34407,32889,33712,32239,32061,27830,32818,31407,27777,27335,32166,32100,25600,24710,23760,26570,29290,28700,30900,27400,12000,23400,22600,20600,22600,24100,24875,22660,22260,25500,24700,23350,14160,18200,17400,16600,11700,10100,12100,14200,13400,15000,13800,6900,10900,11300,0,0,0,0,0,0,0,0,0,0,0,0,0,0,0,0,0,0,0,0,0,0,0,0,0,0,0,0,0,0,0,0,0,0,0,0,0,0,0,0
,,,,,,,,,,,,,,,,,,,,,,,,,,,,,,,,,,,,,,,,,,,,,,,,,,,,,,,,,,,,,,,,,,,,,,,,,,,,,,,,,,,,,,,,,,
CHIHKG.commodity_area_harvested_data,37939561,37978146,38963777,37155710,36637714,38506517,36317816,35178298,35769892,35159061,35732114,35181862,34758914,34389115,33973937,33275281,32943142,33070346,32324149,31327063,30443684,29380275,29966424,29044741,26938577,27977466,28804449,28126235,28426518,29308724,30163431,29586479,28309630,28365922,29773647,31236666,30158908,31123944,31443541,28576927,28950727,29086066,28025452,29104496,29980369,32141588,32936058,33168568,34303621,35560278,0,0,0,0,0,0,0,0,0,0,0,0,0,0,0,0,0,0,0,0,0,0,0,0,0,0,0,0,0,0,0,0,0,0,0,0,0,0,0,0
...,25567759,24071363,23764512,25391511,24696119,23908507,25285891,24640716,25141660,25435003,25615036,26276672,26412386,27034304,27634735,28381235,28043424,29201451,29348977,29244437,28281019,27929408,29052138,29578407,29219919,29618086,28800688,28787760,29844759,30757385,30959156,30511202,30255260,29005026,28891315,29652057,30110320,29834507,28931679,26761336,24866068,24211372,22307075,21894074,23072462,23878067,23948070,23862766,24497081,24456086,0,0,0,0,0,0,0,0,0,0,0,0,0,0,0,0,0,0,0,0,0,0,0,0,0,0,0,0,0,0,0,0,0,0,0,0,0,0,0,0
...,27044821,27711295,28486877,30348638,30574538,31294469,31198309,30662955,31195067,33107861,35639653,35851803,35781144,36254906,36483975,36969172,36268342,35173494,34559678,34482470,33928102,33697392,33781788,33765103,32633684,32797566,32694296,32458566,33175855,33518967,33018802,32487350,30745927,30537237,31107479,31753862,32129200,31571500,31637100,30301500,29144019,28508800,26780124,28615715,29116400,29201190,29179116,29493392,29881590,30116862,0,0,0,0,0,0,0,0,0,0,0,0,0,0,0,0,0,0,0,0,0,0,0,0,0,0,0,0,0,0,0,0,0,0,0,0,0,0,0,0
...,0,0,0,0,0,0,0,0,0,0,0,0,0,0,0,0,0,0,0,0,0,0,0,0,0,0,0,0,0,0,0,0,0,0,0,0,0,0,0,0,0,0,0,0,0,0,0,0,0,0,0,0,0,0,0,0,0,0,0,0,0,0,0,0,0,0,0,0,0,0,0,0,0,0,0,0,0,0,0,0,0,0,0,0,0,0,0,0,0,0
...,13715881,13331121,13838738,14914384,13515243,13409230,13402016,12752470,12687123,12292069,12372708,12601816,12419308,12257721,12305395,12031090,11945851,12965771,13772323,14494279,16603939,17200439,15382107,15431423,19092447,19636719,19938044,19111739,18798024,18877630,19046354,19231959,21208657,21896880,21820809,20582480,21289194,22015603,22467169,25163087,24700400,24081705,24860170,24610144,24565595,22185639,20764195,22677561,23551267,23136253,0,0,0,0,0,0,0,0,0,0,0,0,0,0,0,0,0,0,0,0,0,0,0,0,0,0,0,0,0,0,0,0,0,0,0,0,0,0,0,0
...,499100,334900,360482,529683,635928,648924,620952,590948,610581,676262,738603,837415,892326,863500,928899,1010200,981672,990022,947365,1033614,1093666,1220082,1292066,1316354,1612459,1537585,1422464,1743000,1598962,1747777,2010630,1969897,1751703,1817808,1880556,1900342,1666875,1690235,1383399,1517754,1687208,1845000,1679800,1583089,1575877,1577980,1812643,2000020,1893962,1914228,0,0,0,0,0,0,0,0,0,0,0,0,0,0,0,0,0,0,0,0,0,0,0,0,0,0,0,0,0,0,0,0,0,0,0,0,0,0,0,0
,,,,,,,,,,,,,,,,,,,,,,,,,,,,,,,,,,,,,,,,,,,,,,,,,,,,,,,,,,,,,,,,,,,,,,,,,,,,,,,,,,,,,,,,,,
C_C_Amer.commodity_area_harvested_data,8935902,9013009,9738396,10366408,10703266,11532374,10973565,11204383,10706717,11115648,11322843,11042508,11223548,10312582,10728536,10846474,11710768,11516235,9345360,11031034,12090993,9468206,11622921,11336257,12272365,10873155,11641252,11139618,10905366,11886023,11202301,11612655,11259154,12120986,12160004,13090161,12123053,12728523,11855660,11829415,12611296,11657623,12420958,12404042,11260422,11868045,12011148,12060015,10979766,12215360,0,0,0,0,0,0,0,0,0,0,0,0,0,0,0,0,0,0,0,0,0,0,0,0,0,0,0,0,0,0,0,0,0,0,0,0,0,0,0,0
...,871249,787781,858043,857822,886261,762347,815328,821484,872362,919731,646068,721576,669206,818190,817438,931403,754263,812926,621246,765277,892368,1038772,891357,1067353,1249924,1230763,1012529,939443,1167616,950258,996679,928744,891137,978355,943081,821865,785170,778408,658629,715058,694668,641788,611896,524467,642437,654060,698602,808125,835937,686973,0,0,0,0,0,0,0,0,0,0,0,0,0,0,0,0,0,0,0,0,0,0,0,0,0,0,0,0,0,0,0,0,0,0,0,0,0,0,0,0
...,594987,603547,582950,543250,538724,554064,600171,616995,644059,669091,638991,641311,720124,759088,867294,764610,751505,680557,727783,678666,758458,724421,703926,720548,802747,710257,706160,657842,706856,659978,636646,685444,546610,651176,631045,737318,746939,728043,675654,734846,728883,750597,761670,699567,635419,673106,662741,675875,782392,755492.4,0,0,0,0,0,0,0,0,0,0,0,0,0,0,0,0,0,0,0,0,0,0,0,0,0,0,0,0,0,0,0,0,0,0,0,0,0,0,0,0
...,0,0,0,0,0,0,0,0,0,0,0,0,0,0,0,0,0,0,0,0,0,0,0,0,0,0,0,0,0,0,0,0,0,0,0,0,0,0,0,0,0,0,0,0,0,0,0,0,0,0,0,0,0,0,0,0,0,0,0,0,0,0,0,0,0,0,0,0,0,0,0,0,0,0,0,0,0,0,0,0,0,0,0,0,0,0,0,0,0,0
...,679171,725941,732671,744985,760283,884133,849257,901336,1015706,1028406,1209390,1181615,1246207,1217876,1438379,1080818,1463784,1478313,1769417,1398207,1482100,1237985,1522974,1377893,1510267,1386574,1530916,1160053,1368204,1239842,1233218,1159291,1047799,1079238,985969,1002051,1041102,1016371,1033702,962934,977284,878221,984806,1137618,999875,939643.1,1018624,1022853,969588.3,1087960,0,0,0,0,0,0,0,0,0,0,0,0,0,0,0,0,0,0,0,0,0,0,0,0,0,0,0,0,0,0,0,0,0,0,0,0,0,0,0,0
...,2237037,2137097,2018255,2038444,2088448,2084519,2161683,2171782,2096249,2672396,2490369,2383815,2324616,2359969,2365913,2432171,2295257,2475398,2572752,2677482,2474831,2559873,2383574,2543453,2500767,2544619,2608157,2525972,2604856,2641630,2698954,2716427,2488023,2526969,2465104,2641694,2593766,2431157,2322911,2332763,2281633,2351487,1933832,1998150,1887185,1767235,1677735,1694951,1801165,1801719,0,0,0,0,0,0,0,0,0,0,0,0,0,0,0,0,0,0,0,0,0,0,0,0,0,0,0,0,0,0,0,0,0,0,0,0,0,0,0,0
,,,,,,,,,,,,,,,,,,,,,,,,,,,,,,,,,,,,,,,,,,,,,,,,,,,,,,,,,,,,,,,,,,,,,,,,,,,,,,,,,,,,,,,,,,
EU27.commodity_area_harvested_data,41528067,40187204,40922470,39874979,39468540,39974227,40022856,40310270,40710934,40245943,40540190,40803542,40614044,40203873,41322680,40163386,41005218,41172285,41819720,40735795,40404713,40092825,38946507,39000307,38957100,37979951,36570453,36580199,35912024,34264110,34613971,36038820,34152625,33836221,33095463,33723298,34729917,33869151,32334137,32392933,32583490,31598434,31585102,31513744,30202056,29770076,29389682,31099835,29850984,27858526,0,0,0,0,0,0,0,0,0,0,0,0,0,0,0,0,0,0,0,0,0,0,0,0,0,0,0,0,0,0,0,0,0,0,0,0,0,0,0,0
...,25358471,26975040,25604269,26882500,27055909,26007055,25937009,26526921,26063660,25284731,25567751,25594637,24576040,25298918,23554648,24882649,23152776,24167787,23051622,24398119,23759038,24403491,25092636,25504889,24788908,25673825,26035562,25918735,26830259,26630214,26719646,25975814,25914308,25976080,26884537,26776906,28281379,27896581,26424406,28405981,28478314,29131422,26628140,29071590,29039895,27362288,27345375,29168995,28688708,28638671,0,0,0,0,0,0,0,0,0,0,0,0,0,0,0,0,0,0,0,0,0,0,0,0,0,0,0,0,0,0,0,0,0,0,0,0,0,0,0,0
...,321228,305331,307204,325482,320973,322748,336858,354395,380892,384604,384420,388093,390247,385722,362352,361486,382259,384327,371006,355532,333806,348955,327419,369851,380140,400809,402821,424505,406801,437506,408146,387291,359298,387461,378581,443525,437452,414655,403945,409355,405905,405160,412521,431567,416665.6,410954,421027,414503,463912,483473,0,0,0,0,0,0,0,0,0,0,0,0,0,0,0,0,0,0,0,0,0,0,0,0,0,0,0,0,0,0,0,0,0,0,0,0,0,0,0,0
...,0,0,0,0,0,0,0,0,0,0,0,0,0,0,0,0,0,0,0,0,0,0,0,0,0,0,0,0,0,0,0,0,0,0,0,0,0,0,0,0,0,0,0,0,0,0,0,0,0,0,0,0,0,0,0,0,0,0,0,0,0,0,0,0,0,0,0,0,0,0,0,0,0,0,0,0,0,0,0,0,0,0,0,0,0,0,0,0,0,0
...,3405440,3560497,3472286,3579302,3578963,3622256,3805958,3909988,3719313,4167434,4595725,4515351,4716757,4817604,5179301,5050504,5045800,5138631,5096298,6872358,7918716,8181559,8579631,9111134,10602333,11007967,12164477,11828256,12050392,12436968,12312440,12961209,12955660,13029421,13338193,12849124,12943169,13909966,15082810,13460544,13206104,13190834,14099394,13917962,14152936,15089830,15376279,15355468,15993322,15826806,0,0,0,0,0,0,0,0,0,0,0,0,0,0,0,0,0,0,0,0,0,0,0,0,0,0,0,0,0,0,0,0,0,0,0,0,0,0,0,0
...,2856179,2898688,2856830,3118519,3053325,2912533,2952279,2994620,2956718,2950096,2979871,3129495,3273284,3222795,3749758,3937542,3774402,3704806,3544986,3531624,3869233,3754693,3459001,3515958,3399394,3379032,3301821,3200501,3293035,3223567,3088709,3114828,2953668,2947756,2999129,3043125,3011741,2889732,2743970,2530669,2498614,2501480,2338365,2275690,2285684,1915738,1847394,1562299,1634655,1598674,0,0,0,0,0,0,0,0,0,0,0,0,0,0,0,0,0,0,0,0,0,0,0,0,0,0,0,0,0,0,0,0,0,0,0,0,0,0,0,0
,,,,,,,,,,,,,,,,,,,,,,,,,,,,,,,,,,,,,,,,,,,,,,,,,,,,,,,,,,,,,,,,,,,,,,,,,,,,,,,,,,,,,,,,,,
E_Asia.commodity_area_harvested_data,1757714,1783046,1846178,1880232,1927336,1828152,1847413,1887885,1806059,1765090,1712211,1766425,1746620,1791710,1803631,1800412,1615332,1659387,1575795,1407919,1410148,1337025,1375644,1391181,1273441,1220854,1305541,1262370,1278850,1225347,1109491,1039331,979750,960361,955124,863770,846694,873378,804127,703736,738208,733885,713702,706292,766472,692209,705823,705816,700159,699857,0,0,0,0,0,0,0,0,0,0,0,0,0,0,0,0,0,0,0,0,0,0,0,0,0,0,0,0,0,0,0,0,0,0,0,0,0,0,0,0
...,510915,566621,596941,608543,617930,596758,596955,597505,590733,589740,554649,501735,465218,446477,454710,450721,462515,517091,521090,520868,514392,535656,555646,552176,570140,558847,559012,581072,608364,623239,618868,615050,585844,517566,440517,402604,389006,372480,322638,238490,250825,273452,274919,241807,233149,199703,198579,225566,328675,335781,0,0,0,0,0,0,0,0,0,0,0,0,0,0,0,0,0,0,0,0,0,0,0,0,0,0,0,0,0,0,0,0,0,0,0,0,0,0,0,0
...,1548000,1579000,1605000,1675000,1708000,1731000,1735000,1651000,1750000,1733000,1720000,1721000,1751720,1804520,1843000,1844900,1880040,1886750,1893230,1883040,1893890,1828070,1873480,1875860,1881770,1880930,1907320,1905130,1886660,1844340,1796460,1749000,1724000,1686000,1637340,1628990,1662660,1636480,1646200,1607360,1655130,1636047,1600030,1584160,1563117,1538629,1533650,1506156,1493471,1462074,0,0,0,0,0,0,0,0,0,0,0,0,0,0,0,0,0,0,0,0,0,0,0,0,0,0,0,0,0,0,0,0,0,0,0,0,0,0,0,0
...,0,0,0,0,0,0,0,0,0,0,0,0,0,0,0,0,0,0,0,0,0,0,0,0,0,0,0,0,0,0,0,0,0,0,0,0,0,0,0,0,0,0,0,0,0,0,0,0,0,0,0,0,0,0,0,0,0,0,0,0,0,0,0,0,0,0,0,0,0,0,0,0,0,0,0,0,0,0,0,0,0,0,0,0,0,0,0,0,0,0
...,610560,630178,633812,643661,683811,579496,625039,633796,645021,642952,630836,634206,667659,665648,676093,667363,664458,667605,620113,585592,585174,600956,617136,625029,603165,607224,653664,621352,622379,582470,527709,522440,532106,525568,515383,489608,492134,493877,474024,476956,457192,462600,456392,446083,462675,451616,440034,435210,440381,438833,0,0,0,0,0,0,0,0,0,0,0,0,0,0,0,0,0,0,0,0,0,0,0,0,0,0,0,0,0,0,0,0,0,0,0,0,0,0,0,0
...,0,0,0,0,0,0,0,0,0,0,0,0,0,0,0,0,0,0,0,0,0,0,0,0,0,0,0,0,0,0,0,0,0,0,0,0,0,0,0,0,0,0,0,0,0,0,0,0,0,0,0,0,0,0,0,0,0,0,0,0,0,0,0,0,0,0,0,0,0,0,0,0,0,0,0,0,0,0,0,0,0,0,0,0,0,0,0,0,0,0
,,,,,,,,,,,,,,,,,,,,,,,,,,,,,,,,,,,,,,,,,,,,,,,,,,,,,,,,,,,,,,,,,,,,,,,,,,,,,,,,,,,,,,,,,,
INDIA.commodity_area_harvested_data,44618000,44587000,44172000,44345000,44385000,44906800,46786600,46858400,47234200,46159800,43674800,42217100,46040300,42917300,43881200,42500200,42519500,42402100,41417800,41743800,42521100,40677300,41801800,39344800,39354500,39885100,36636100,38744200,37779700,36348000,33427600,34462600,32938600,32222900,30950800,31889000,30810300,29405800,29408400,30204400,29640500,26950100,30814900,29304300,29476500,28943200,28929000,28534200,27140000,27140000,0,0,0,0,0,0,0,0,0,0,0,0,0,0,0,0,0,0,0,0,0,0,0,0,0,0,0,0,0,0,0,0,0,0,0,0,0,0,0,0
...,12927000,13570000,13590000,13499000,13422000,12572000,12838000,14998200,15958100,16625500,18240500,19138900,19463600,18583000,18010300,20453800,20921500,21455700,22641200,22171700,22278800,22144400,23567400,24672000,23564900,22997400,23131200,23062700,24109100,23501900,24167100,23261900,24588900,25147300,25700000,25011000,25887100,26696100,27523300,27486000,25730600,26344700,25195700,26594700,26382900,26483600,27994500,28038600,27750000,28520000,0,0,0,0,0,0,0,0,0,0,0,0,0,0,0,0,0,0,0,0,0,0,0,0,0,0,0,0,0,0,0,0,0,0,0,0,0,0,0,0
...,34694000,35695000,35809000,36462000,35470000,35251000,36437400,36966300,37680300,37591700,37757800,36687800,38285000,37888400,39475400,38511100,40282600,40482200,39414300,40151500,40708400,38262000,41244000,41158800,41137200,41166700,38806300,41735800,42166900,42686600,42648700,41775000,42539000,42814000,42800000,43400000,43469800,44802300,45160000,44712000,44900000,41176100,42592500,41906700,43659800,43810000,43910000,43540000,41850000,36950000,0,0,0,0,0,0,0,0,0,0,0,0,0,0,0,0,0,0,0,0,0,0,0,0,0,0,0,0,0,0,0,0,0,0,0,0,0,0,0,0
...,0,0,0,0,0,0,0,0,0,0,0,0,0,0,0,0,0,0,0,0,0,0,0,0,0,0,0,0,0,0,0,0,0,0,0,0,0,0,0,0,0,0,0,0,0,0,0,0,0,0,0,0,0,0,0,0,0,0,0,0,0,0,0,0,0,0,0,0,0,0,0,0,0,0,0,0,0,0,0,0,0,0,0,0,0,0,0,0,0,0
...,15950000,17178000,16562000,17155000,17453000,16980300,17044600,16893700,16528100,17437200,17893800,17697800,17363000,18246900,18259500,17971700,17623100,18724700,18537100,17997500,19536700,19859500,19675700,19998800,20230900,20404900,20421900,23297700,24184600,24851600,27179100,26892100,28318700,27256200,27527000,28001300,27601300,28357700,26650700,26044100,23896700,23936700,24611100,27534400,29799700,28822800,29648000,29077842,28809989,26445600,0,0,0,0,0,0,0,0,0,0,0,0,0,0,0,0,0,0,0,0,0,0,0,0,0,0,0,0,0,0,0,0,0,0,0,0,0,0,0,0
...,2413000,2456000,2242000,2249000,2602900,2836000,2301000,2047000,2532200,2748000,2615000,2390400,2451600,2752100,2894200,2762200,2866200,3151100,3087800,2610200,2666600,3193300,3357600,3109700,2953200,2862000,3078700,3278600,3328900,3439000,3686000,3840000,3570000,3420000,3870000,4150000,4174100,3929800,4054900,4219700,4315700,4411600,4520300,3938400,3661500,4201100,5150000,5055200,4420000,4200000,0,0,0,0,0,0,0,0,0,0,0,0,0,0,0,0,0,0,0,0,0,0,0,0,0,0,0,0,0,0,0,0,0,0,0,0,0,0,0,0
,,,,,,,,,,,,,,,,,,,,,,,,,,,,,,,,,,,,,,,,,,,,,,,,,,,,,,,,,,,,,,,,,,,,,,,,,,,,,,,,,,,,,,,,,,
JAPAN.commodity_area_harvested_data,934280,844830,775400,671730,594513,541910,485340,435000,385020,317020,255400,205210,163810,153550,144310,137150,135840,165668,176252,186082,187260,189374,187755,178684,172136,167739,178338,182738,182024,176294,164769,148081,138840,120253,116368,116258,118939,121954,120687,121099,132302,135548,136155,131581,126744,125381,126481,130273,129338,132070,0,0,0,0,0,0,0,0,0,0,0,0,0,0,0,0,0,0,0,0,0,0,0,0,0,0,0,0,0,0,0,0,0,0,0,0,0,0,0,0
...,648700,642000,583700,508200,475900,421200,366600,322400,286500,229200,166300,113700,74900,82800,89600,89100,86000,112000,149000,191100,224400,227800,229400,231900,234000,245500,271100,282000,283800,260400,238700,214500,183600,151900,151300,158500,157500,162200,168800,183000,196900,206900,212200,212600,213500,218300,209700,208800,208300,206900,0,0,0,0,0,0,0,0,0,0,0,0,0,0,0,0,0,0,0,0,0,0,0,0,0,0,0,0,0,0,0,0,0,0,0,0,0,0,0,0
...,3312000,3295000,3276000,3264000,3258500,3258000,3267000,3284000,3279000,2927000,2698000,2643000,2622000,2724000,2764000,2779000,2757000,2548000,2497000,2377000,2278000,2257000,2273000,2315000,2342000,2303000,2146000,2110000,2097000,2074000,2049000,2106000,2139000,2212000,2118000,1977000,1953000,1801000,1788000,1770000,1706000,1688000,1665000,1701000,1706000,1688000,1673000,1627000,1624000,1628000,0,0,0,0,0,0,0,0,0,0,0,0,0,0,0,0,0,0,0,0,0,0,0,0,0,0,0,0,0,0,0,0,0,0,0,0,0,0,0,0
...,0,0,0,0,0,0,0,0,0,0,0,0,0,0,0,0,0,0,0,0,0,0,0,0,0,0,0,0,0,0,0,0,0,0,0,0,0,0,0,0,0,0,0,0,0,0,0,0,0,0,0,0,0,0,0,0,0,0,0,0,0,0,0,0,0,0,0,0,0,0,0,0,0,0,0,0,0,0,0,0,0,0,0,0,0,0,0,0,0,0
...,570470,524230,452870,414230,347500,309010,263240,223310,192490,175900,172160,152410,144500,144680,132310,124940,117940,164890,167100,178320,183310,179890,175580,165127,162327,164449,187021,184680,172010,165425,158815,126927,103553,76300,82951,95493,96200,121400,120200,133722,155044,160734,162364,146823,143885,151526,147435,155777,154100,146210,0,0,0,0,0,0,0,0,0,0,0,0,0,0,0,0,0,0,0,0,0,0,0,0,0,0,0,0,0,0,0,0,0,0,0,0,0,0,0,0
...,69300,78600,80400,88500,104100,103900,100700,96000,100700,94100,88400,91600,91600,77500,78700,74300,81900,91900,94100,98600,108800,103600,108200,110300,108200,106900,106400,105779,105513,104753,102000,98300,96000,94600,94100,93500,91000,92600,92800,92300,88800,90400,91900,91200,88800,89100,88700,88200,87500,85829,0,0,0,0,0,0,0,0,0,0,0,0,0,0,0,0,0,0,0,0,0,0,0,0,0,0,0,0,0,0,0,0,0,0,0,0,0,0,0,0
,,,,,,,,,,,,,,,,,,,,,,,,,,,,,,,,,,,,,,,,,,,,,,,,,,,,,,,,,,,,,,,,,,,,,,,,,,,,,,,,,,,,,,,,,,
MEAS_Nafr.commodity_area_harvested_data,9293729,9214849,10115595,9293914,9383150,9309903,9815435,10089262,9531416,9806881,8973858,9278884,9269486,9225698,10079171,10740718,9562501,10011433,10222776,10607637,11387537,10842335,11467916,10636891,12369060,11967470,11742146,11923548,13429475,14433657,13479858,13944375,13068212,11513144,10691350,12016124,9684791,11235489,9867521,9177823,9721562,9520363,10004146,10666294,10592233,10512080,10807350,9790605,10672966,10419220,0,0,0,0,0,0,0,0,0,0,0,0,0,0,0,0,0,0,0,0,0,0,0,0,0,0,0,0,0,0,0,0,0,0,0,0,0,0,0,0
...,11348899,11775861,11507980,12324145,13369094,13011094,13338795,14119482,13726334,14355691,13406002,15252494,14697601,15426179,15153490,15378100,13863654,14305055,13734914,14631871,14133716,13872797,14183237,13030360,15146075,14447643,15048540,14113682,14675665,15575264,17279734,17179104,17265883,16421392,15647172,17908026,15472703,17768362,14542585,14271753,15385936,15859494,17909831,18141050,19118419,17415171,17670347,14538274,16904509,17138202,0,0,0,0,0,0,0,0,0,0,0,0,0,0,0,0,0,0,0,0,0,0,0,0,0,0,0,0,0,0,0,0,0,0,0,0,0,0,0,0
...,539290,697218,764766,798910,790800,858338,906807,988444,984839,944026,933426,956788,920910,915299,941120,925098,911036,885354,885606,932404,920933,972965,903521,896682,920787,949609,1019301,877358,1006260,1040745,1137681,1209829,1248870,1316975,1330542,1320598,1344217,1264662,1380265,1299345,1185485,1367881,1281925,1349713,1354892,1431988,1448928,1363378,1174149,1078556,0,0,0,0,0,0,0,0,0,0,0,0,0,0,0,0,0,0,0,0,0,0,0,0,0,0,0,0,0,0,0,0,0,0,0,0,0,0,0,0
...,0,0,0,0,0,0,0,0,0,0,0,0,0,0,0,0,0,0,0,0,0,0,0,0,0,0,0,0,0,0,0,0,0,0,0,0,0,0,0,0,0,0,0,0,0,0,0,0,0,0,0,0,0,0,0,0,0,0,0,0,0,0,0,0,0,0,0,0,0,0,0,0,0,0,0,0,0,0,0,0,0,0,0,0,0,0,0,0,0,0
...,1056267,1111446,1909375,1919107,1380585,961383,1286742,1656748,1234421,1809006,2265062,2163718,2261916,2342402,2395553,2507853,2364185,2391523,2672496,2502551,2510727,2480628,2521214,2548018,2659454,2705123,2732187,2908511,2950983,3192213,3136785,3261998,3410807,3249705,3314646,3607995,3270455,3508276,3713891,3592240,3617174,3543524,3993813,4285188,4802533,5032328,4612570,5035208,4410160,4737806,0,0,0,0,0,0,0,0,0,0,0,0,0,0,0,0,0,0,0,0,0,0,0,0,0,0,0,0,0,0,0,0,0,0,0,0,0,0,0,0
...,115875,120453,131270,155178,158571,209707,237479,265505,283232,311924,308013,328401,320045,352738,393513,411359,366744,360406,371522,384264,385141,422022,424566,399089,396701,430192,435577,396904,422565,415228,445375,471446,451303,498897,496246,430420,483384,487084,519344,491261,502909,544909,552745,512984,531483.9,566556.9,560691,461913,441594,521039,0,0,0,0,0,0,0,0,0,0,0,0,0,0,0,0,0,0,0,0,0,0,0,0,0,0,0,0,0,0,0,0,0,0,0,0,0,0,0,0
,,,,,,,,,,,,,,,,,,,,,,,,,,,,,,,,,,,,,,,,,,,,,,,,,,,,,,,,,,,,,,,,,,,,,,,,,,,,,,,,,,,,,,,,,,
Mala_Indo.commodity_area_harvested_data,2568664,3286461,2678237,3769928,2635349,3910843,2683567,3367816,2585897,3091239,2782090,2318932,3595636,2836270,2619044,2186206,2657135,3094410,2673120,2821940,3030040,2139300,3087230,3140250,2496970,3199760,2698030,3500750,3040200,3230674,2983832,3706054,3033530,3220400,3765840,3861570,3465220,3956820,3569360,3614000,3389900,3227830,3466510,3464910,3741990,3453656,3727926,4101625,4258664,4256740,0,0,0,0,0,0,0,0,0,0,0,0,0,0,0,0,0,0,0,0,0,0,0,0,0,0,0,0,0,0,0,0,0,0,0,0,0,0,0,0
...,0,0,0,0,0,0,0,0,0,0,0,0,0,0,0,0,0,0,0,0,0,0,0,0,0,0,0,0,0,0,0,0,0,0,0,0,0,0,0,0,0,0,0,0,0,0,0,0,0,0,0,0,0,0,0,0,0,0,0,0,0,0,0,0,0,0,0,0,0,0,0,0,0,0,0,0,0,0,0,0,0,0,0,0,0,0,0,0,0,0
...,7373489,7827223,7283947,7535785,7908904,8263995,8113599,8681142,8697854,8839847,9058852,8663817,9155240,9248600,9245439,9101760,9082570,9512170,9541560,9721870,10092840,9670460,9828470,10387580,10557264,10639325,10581544,10809955,11195337,11183047,10965140,11776053,11706234,11432424,12111587,12255168,11831575,12404604,12655589,12491700,12173600,12199700,12149200,12603700,12515300,12431400,12820842,12965802,13555904,13917945,0,0,0,0,0,0,0,0,0,0,0,0,0,0,0,0,0,0,0,0,0,0,0,0,0,0,0,0,0,0,0,0,0,0,0,0,0,0,0,0
...,0,0,0,0,0,0,0,0,0,0,0,0,0,0,0,0,0,0,0,0,0,0,0,0,0,0,0,0,0,0,0,0,0,0,0,0,0,0,0,0,0,0,0,0,0,0,0,0,0,0,0,0,0,0,0,0,0,0,0,0,0,0,0,0,0,0,0,0,0,0,0,0,0,0,0,0,0,0,0,0,0,0,0,0,0,0,0,0,0,0
...,2484278,2459356,2398191,2468923,2458834,2498239,2450398,2719457,2648421,2935921,2999621,3081772,3320585,3470827,3678812,3628639,3899276,4130618,4315485,4480187,4765038,4616040,4742741,5159995,5354405,6086065,5959250,6313872,6653518,7068849,7266338,7808655,7864554,8198408,8588345,8650662,8725384,9025588,9257756,9496035,9980817,10281414,10479955,10988806,11625586,12052854,12626238,13345555,13829079,13621909,0,0,0,0,0,0,0,0,0,0,0,0,0,0,0,0,0,0,0,0,0,0,0,0,0,0,0,0,0,0,0,0,0,0,0,0,0,0,0,0
...,183000,182062,177094,199211,205271,190372,202600,202200,205627,212051,220542,229703,224581,256116,247887,252860,237000,252400,277100,287000,294100,358700,359760,341422,383294,413972,422406,452975,456300,462574,487542,518047,548389,549861,527540,532797,474513,502318,487511,462342,482159,446951,423725,431793,469083,483441,494856,496004,500420,496310,0,0,0,0,0,0,0,0,0,0,0,0,0,0,0,0,0,0,0,0,0,0,0,0,0,0,0,0,0,0,0,0,0,0,0,0,0,0,0,0
,,,,,,,,,,,,,,,,,,,,,,,,,,,,,,,,,,,,,,,,,,,,,,,,,,,,,,,,,,,,,,,,,,,,,,,,,,,,,,,,,,,,,,,,,,
Oceania.commodity_area_harvested_data,2522146,2530002,2561916,2612541,2801979,3118662,2837828,3344948,3365078,4182399,4643704,4055782,4019299,3511794,4099767,4080926,4695412,4840298,4337352,4291641,4982444,4611262,5895049,5624663,5434296,4582613,4788812,4529121,4298432,4166838,4467114,4927762,5043380,4127556,5198976,5455419,5284786,4843380,4031184,5014469,5537393,5902447,6494812,6536977,6349013,6216650,6993849,7128882,6394165,5732298,0,0,0,0,0,0,0,0,0,0,0,0,0,0,0,0,0,0,0,0,0,0,0,0,0,0,0,0,0,0,0,0,0,0,0,0,0,0,0,0
...,6033739,6740107,6758076,7334080,7162480,8507540,9174994,10971981,9615727,6586912,7235393,7710696,9055980,8374974,8612880,9060027,10051133,10339909,11239914,11395287,12030429,11683563,13118959,12286834,11891043,11374664,9224123,8995479,9137527,9358250,7317934,8430542,8553180,8085760,9491967,11330059,10742027,11977640,12751804,12582505,11987020,11619762,13555385,13827764,12842424,12204384,12978849,13895298,14191896,13895972,0,0,0,0,0,0,0,0,0,0,0,0,0,0,0,0,0,0,0,0,0,0,0,0,0,0,0,0,0,0,0,0,0,0,0,0,0,0,0,0
...,33522,33683,35002,34793,33661,35083,39264,41096,45093,52264,51627,50377,53934,77283,87031,85918,103810,103351,122929,129496,118418,140009,88835,132280,136003,120281,108537,119211,110547,117796,101855,138144,135106,141242,136900,158965,175539,149917,159091,139907,183956,150207,53415,73775,59067,105897,26954,8753,13899,23400,0,0,0,0,0,0,0,0,0,0,0,0,0,0,0,0,0,0,0,0,0,0,0,0,0,0,0,0,0,0,0,0,0,0,0,0,0,0,0,0
...,0,0,0,0,0,0,0,0,0,0,0,0,0,0,0,0,0,0,0,0,0,0,0,0,0,0,0,0,0,0,0,0,0,0,0,0,0,0,0,0,0,0,0,0,0,0,0,0,0,0,0,0,0,0,0,0,0,0,0,0,0,0,0,0,0,0,0,0,0,0,0,0,0,0,0,0,0,0,0,0,0,0,0,0,0,0,0,0,0,0
...,557505,574721,582358,607462,574445,596284,595765,592411,646351,695332,776610,946278,851151,807932,876224,751079,820710,945926,1014432,871708,837413,808917,857037,935815,1198687,1114007,1004436,995696,971422,853735,1002619,886397,960063,1177427,1239105,1235302,1539693,2078691,2837280,2357026,2057833,2051780,1916198,2125621,1745954,1868114,2025861,2516560,2555323,2543020,0,0,0,0,0,0,0,0,0,0,0,0,0,0,0,0,0,0,0,0,0,0,0,0,0,0,0,0,0,0,0,0,0,0,0,0,0,0,0,0
...,192253,198244,204828,232208,246616,268986,268599,276657,260109,266923,281359,285686,271458,298347,302011,335452,347459,306002,329505,354591,384603,391641,370788,386290,378854,382583,381714,386053,381451,406252,418052,408053,407943,418441,446974,465033,481053,485061,487069,489071,476069,499069,517574,517216,499025,481573,471197,440116,448864,454573,0,0,0,0,0,0,0,0,0,0,0,0,0,0,0,0,0,0,0,0,0,0,0,0,0,0,0,0,0,0,0,0,0,0,0,0,0,0,0,0
,,,,,,,,,,,,,,,,,,,,,,,,,,,,,,,,,,,,,,,,,,,,,,,,,,,,,,,,,,,,,,,,,,,,,,,,,,,,,,,,,,,,,,,,,,
Oth_CEE_CIS.commodity_area_harvested_data,8663240,8503513,8477169,8407989,8566853,8445134,8384489,8147123,7931082,7712149,7724292,7522673,7410819,7439186,7502661,7358136,7246609,6830206,7232570,7113800,7307450,7242035,6925469,7272801,7408193,7329893,7107049,7100077,7043964,6934593,6926236,25502055,27259423,25749035,23013712,20525753,21397945,19064723,18051077,19023008,19691236,19068999,20032946,20807271,19170154,19809755,18756057,19309716,19409526,18559156,0,0,0,0,0,0,0,0,0,0,0,0,0,0,0,0,0,0,0,0,0,0,0,0,0,0,0,0,0,0,0,0,0,0,0,0,0,0,0,0
...,9937000,10204144,10212660,10241048,9817542,10019833,10115486,10507854,10785547,10595853,10847477,10783000,10327700,10811000,11083800,11195800,11168700,11211410,11101400,10668800,10867000,10784100,11055210,10630570,10814170,10901310,10999780,11093480,10915450,11130390,11288198,32953963,32240210,30644937,30904982,31535988,32331327,29885981,29461372,30291974,32736825,33703540,28707445,32606326,33632586,31741643,32402170,34103379,35676497,33546213,0,0,0,0,0,0,0,0,0,0,0,0,0,0,0,0,0,0,0,0,0,0,0,0,0,0,0,0,0,0,0,0,0,0,0,0,0,0,0,0
...,67587,89988,64951,45049,59793,73926,68382,54154,67768,78753,76256,62125,71325,69041,66854,66236,70252,82336,87363,64525,85540,90072,82756,76599,71831,67325,65975,62810,74756,58228,49892,415929,417625,389531,370648,405386,417758,351670,385025,393284,247624,280730,363562,309357,328261,350449,331844,300177,346310,375285,0,0,0,0,0,0,0,0,0,0,0,0,0,0,0,0,0,0,0,0,0,0,0,0,0,0,0,0,0,0,0,0,0,0,0,0,0,0,0,0
...,0,0,0,0,0,0,0,0,0,0,0,0,0,0,0,0,0,0,0,0,0,0,0,0,0,0,0,0,0,0,0,0,0,0,0,0,0,0,0,0,0,0,0,0,0,0,0,0,0,0,0,0,0,0,0,0,0,0,0,0,0,0,0,0,0,0,0,0,0,0,0,0,0,0,0,0,0,0,0,0,0,0,0,0,0,0,0,0,0,0
...,887240,847853,908679,975021,992480,1045572,1047687,1074836,1173346,1214810,1256192,1330274,1367656,1294044,1307543,1349353,1371510,1435259,1475839,1492693,1484938,1486142,1498577,1558557,1725783,1880772,2066090,1945838,1943330,1898921,1703446,4520534,4349332,4373940,4843081,4782959,4483637,5135162,5969705,5782723,5213585,5737562,7448060,7136243,7640897,8433635,8100644,9886003,10035269,11215512,0,0,0,0,0,0,0,0,0,0,0,0,0,0,0,0,0,0,0,0,0,0,0,0,0,0,0,0,0,0,0,0,0,0,0,0,0,0,0,0
...,216509,206057,236865,280914,243196,264813,257155,210991,202295,213083,248543,233578,245583,294313,325994,363011,376428,409256,417195,401482,514956,519893,508415,503552,477939,493150,556586,453953,488462,541922,547136,2245032,2247416,2184288,2046381,1962720,1719462,1660587,1622318,1420744,1464954,1385802,1263472,1291110,1240630,1422298,1170870,931312,886746,1083169,0,0,0,0,0,0,0,0,0,0,0,0,0,0,0,0,0,0,0,0,0,0,0,0,0,0,0,0,0,0,0,0,0,0,0,0,0,0,0,0
,,,,,,,,,,,,,,,,,,,,,,,,,,,,,,,,,,,,,,,,,,,,,,,,,,,,,,,,,,,,,,,,,,,,,,,,,,,,,,,,,,,,,,,,,,
R_Europe.commodity_area_harvested_data,282230,295808,295263,303213,300518,294060,288360,289224,308591,327812,343481,351881,362052,367830,371863,362357,364270,370125,380000,380511,381342,391377,384984,381180,382297,390510,362570,392820,406729,410071,418067,402449,379705,378350,368613,364272,353600,344131,355527,337790,339191,330896,318285,304323,307835,292224,277705,270989,277079,279498,0,0,0,0,0,0,0,0,0,0,0,0,0,0,0,0,0,0,0,0,0,0,0,0,0,0,0,0,0,0,0,0,0,0,0,0,0,0,0,0
...,126142,118364,112280,113826,113456,109471,109013,112826,111288,101378,97822,100959,96359,102895,105432,111128,110267,109368,102732,105921,99519,105001,113940,128690,137098,139150,160540,146960,147347,158223,159164,157956,172430,176790,173481,165738,164409,177820,154950,175469,166550,167425,175044,185846,185299,190778,192026,194394,182097,173630,0,0,0,0,0,0,0,0,0,0,0,0,0,0,0,0,0,0,0,0,0,0,0,0,0,0,0,0,0,0,0,0,0,0,0,0,0,0,0,0
...,0,0,0,0,0,0,0,0,0,0,0,0,0,0,0,0,0,0,0,0,0,0,0,0,0,0,0,0,0,0,0,0,0,0,0,0,0,0,0,0,0,0,0,0,0,0,0,0,0,0,0,0,0,0,0,0,0,0,0,0,0,0,0,0,0,0,0,0,0,0,0,0,0,0,0,0,0,0,0,0,0,0,0,0,0,0,0,0,0,0
...,0,0,0,0,0,0,0,0,0,0,0,0,0,0,0,0,0,0,0,0,0,0,0,0,0,0,0,0,0,0,0,0,0,0,0,0,0,0,0,0,0,0,0,0,0,0,0,0,0,0,0,0,0,0,0,0,0,0,0,0,0,0,0,0,0,0,0,0,0,0,0,0,0,0,0,0,0,0,0,0,0,0,0,0,0,0,0,0,0,0
...,6580,7130,8498,9267,11513,13126,16972,19055,15348,12398,11611,11999,13164,13303,14578,16967,16620,16391,17089,18669,19379,20575,21211,23778,22212,22720,23090,23984,23829,23056,22710,24242,27135,26195,25170,24884,26168,25939,25314,23346,29100,33022,31539,31170,30946,31729,32253,30703,30517,32459,0,0,0,0,0,0,0,0,0,0,0,0,0,0,0,0,0,0,0,0,0,0,0,0,0,0,0,0,0,0,0,0,0,0,0,0,0,0,0,0
...,5052,4862,6907,7570,8372,8437,8673,8981,8970,9040,8920,9840,9919,10417,11386,11296,11938,13090,13690,13362,14414,14945,15127,15158,14935,13819,14990,14670,14490,14460,14280,14185,14080,13779,13794,16800,18843,16675,17450,17730,17754,18175,17678,18622,18248,18762,21159,20469,20191,18000,0,0,0,0,0,0,0,0,0,0,0,0,0,0,0,0,0,0,0,0,0,0,0,0,0,0,0,0,0,0,0,0,0,0,0,0,0,0,0,0
,,,,,,,,,,,,,,,,,,,,,,,,,,,,,,,,,,,,,,,,,,,,,,,,,,,,,,,,,,,,,,,,,,,,,,,,,,,,,,,,,,,,,,,,,,
R_SE_Asia.commodity_area_harvested_data,2941714,2989216,3006212,3169670,3407595,3483611,3556242,3585942,3813613,3856729,4114202,3935255,4471911,4910076,5217397,5234998,5131714,5570164,5679403,5785610,6010108,5548603,6074568,6209402,6678741,6515663,6070503,6674651,6568218,6484615,6141092,5913445,5547881,5321683,5284910,5407189,5324667,5116004,5338338,5264173,5276201,5276344,5429864,5649650,5649196,5731207,5939151,6466942,6227767,6216257,0,0,0,0,0,0,0,0,0,0,0,0,0,0,0,0,0,0,0,0,0,0,0,0,0,0,0,0,0,0,0,0,0,0,0,0,0,0,0,0
...,24156,35917,58110,80107,111356,151770,134148,88753,55177,60216,64233,48925,48721,54126,85309,86669,86979,91354,82662,82114,105196,92884,102966,133961,118334,111056,111163,120365,121692,130853,137368,148074,146554,115529,107917,92200,96251,97286,106553,81436,80268,83982,96144,96197,112991,92976,99025,92031,96061,96500,0,0,0,0,0,0,0,0,0,0,0,0,0,0,0,0,0,0,0,0,0,0,0,0,0,0,0,0,0,0,0,0,0,0,0,0,0,0,0,0
...,21110126,22132011,21806391,22778470,22322035,22768455,22197980,22923830,22675853,22656249,22438694,21477513,22668572,22215773,23512176,23557424,24261333,24563610,23697331,25249351,25088350,24823558,25343621,24783903,25749140,25148083,24421653,25934692,26493415,25437016,25657543,26199410,26723154,27090336,28172244,28443295,28807510,28096963,30644226,30538060,30858635,30353414,31193077,31000767,32200115,33029150,33495408,34068088,34644121,34593818,0,0,0,0,0,0,0,0,0,0,0,0,0,0,0,0,0,0,0,0,0,0,0,0,0,0,0,0,0,0,0,0,0,0,0,0,0,0,0,0
...,0,0,0,0,0,0,0,0,0,0,0,0,0,0,0,0,0,0,0,0,0,0,0,0,0,0,0,0,0,0,0,0,0,0,0,0,0,0,0,0,0,0,0,0,0,0,0,0,0,0,0,0,0,0,0,0,0,0,0,0,0,0,0,0,0,0,0,0,0,0,0,0,0,0,0,0,0,0,0,0,0,0,0,0,0,0,0,0,0,0
...,2670456,2906470,3128987,3100918,3543025,3400726,3514731,3669235,3707091,3855611,4245797,4229515,4022394,4428853,4392086,4721024,4821490,5031718,5507899,5309980,5601001,5791660,6016333,6021988,6564372,6685489,6532320,6423711,6402015,6554863,6539369,6281297,6591699,6514903,6681426,6679787,6686158,6838792,7432826,6983639,7297423,7261353,7541157,7801629,7956480,7958687,8182754,8670044,8873031,9039883,0,0,0,0,0,0,0,0,0,0,0,0,0,0,0,0,0,0,0,0,0,0,0,0,0,0,0,0,0,0,0,0,0,0,0,0,0,0,0,0
...,384608,413420,426792,446366,544171,508335,472723,488845,534944,573494,668680,698472,752337,861977,946798,1085694,1202859,1221205,1110319,1018693,1028935,1225572,1218351,1191316,1129015,1059398,1009869,1009713,1128484,1209143,1361190,1499400,1605718,1443703,1614665,1726761,1721181,1696297,1734240,1761161,1711984,1874130,1992054,1965966,1838166,1808742,1874889,1912408,1836928,1845492,0,0,0,0,0,0,0,0,0,0,0,0,0,0,0,0,0,0,0,0,0,0,0,0,0,0,0,0,0,0,0,0,0,0,0,0,0,0,0,0
,,,,,,,,,,,,,,,,,,,,,,,,,,,,,,,,,,,,,,,,,,,,,,,,,,,,,,,,,,,,,,,,,,,,,,,,,,,,,,,,,,,,,,,,,,
R_S_Asia.commodity_area_harvested_data,3583442,3569894,3487792,3731435,3784432,3739170,3869676,3560911,3517057,3708942,3677117,3528483,3774361,3513375,3617155,3575515,3640567,3593101,3462055,3322496,3523879,3384232,3611943,3658952,3603290,3571483,3307959,3639640,3671589,3616145,3377650,3591412,3506100,3820417,3782023,3529016,3641496,3694275,3414003,3284835,3269968,3345833,3788861,3585422,3670768,3635785,3784197,3781823,3590666,3654531,0,0,0,0,0,0,0,0,0,0,0,0,0,0,0,0,0,0,0,0,0,0,0,0,0,0,0,0,0,0,0,0,0,0,0,0,0,0,0,0
...,7040557,7439680,7553754,7539666,7823719,7679500,7573700,8294855,8561415,8756675,8688410,9067242,8657120,8794752,8586470,8946776,9251197,9272178,9478233,9764281,9975206,10110358,10244105,10132667,10092515,10057430,10626496,10128982,10505406,10617240,10799095,10629010,11456627,11268509,11290010,11793000,11620902,12005333,11792926,11989087,11378330,11212643,11732734,11413733,11943085,12049690,12152536,11786582,12713680,12746187,0,0,0,0,0,0,0,0,0,0,0,0,0,0,0,0,0,0,0,0,0,0,0,0,0,0,0,0,0,0,0,0,0,0,0,0,0,0,0,0
...,11510050,11725834,12148690,12463729,12537153,12361573,13235633,13254183,13874019,13542371,12872191,13122381,13523439,13668251,14128149,13764521,14209645,14466475,14471602,14560554,14777903,14769140,14032816,14664179,14690117,15029561,14586907,14737961,14903703,15032711,14743047,14380553,14563961,14516871,14699879,14827803,14987212,15035843,15822000,15725840,15201220,15513958,15806333,15260682,15787766,15806349,15543767,17054206,16983302,16928450,0,0,0,0,0,0,0,0,0,0,0,0,0,0,0,0,0,0,0,0,0,0,0,0,0,0,0,0,0,0,0,0,0,0,0,0,0,0,0,0
...,0,0,0,0,0,0,0,0,0,0,0,0,0,0,0,0,0,0,0,0,0,0,0,0,0,0,0,0,0,0,0,0,0,0,0,0,0,0,0,0,0,0,0,0,0,0,0,0,0,0,0,0,0,0,0,0,0,0,0,0,0,0,0,0,0,0,0,0,0,0,0,0,0,0,0,0,0,0,0,0,0,0,0,0,0,0,0,0,0,0
...,1583046,1571086,1617697,1561837,1565809,1550161,1608565,1680550,1596734,1609036,1664414,1687927,1670165,1675381,1634211,1664762,1725086,1708318,1913710,1865352,1895175,1883850,1858502,1791977,1970951,1982488,1903609,1895257,1986052,1966079,1967820,1989210,2006379,2037070,2110007,2153339,2155353,2148292,2181151,2023531,1950274,1914473,2003779,2113298,2101758,2148128,2166923,2094812,2009089,1944322,0,0,0,0,0,0,0,0,0,0,0,0,0,0,0,0,0,0,0,0,0,0,0,0,0,0,0,0,0,0,0,0,0,0,0,0,0,0,0,0
...,531195,592105,692432,654765,682175,788600,849510,712030,756804,839867,848945,745365,708191,840429,874518,883467,993111,1042493,970312,932194,1041171,1173497,1145911,1127213,1125445,1005009,997581,1093893,1127892,1120402,1155041,1170485,1155725,1228289,1280409,1232265,1233837,1319465,1424692,1280683,1233593,1266850,1370536,1343064,1223957,1168979,1287338,1474361,1255837,1162950,0,0,0,0,0,0,0,0,0,0,0,0,0,0,0,0,0,0,0,0,0,0,0,0,0,0,0,0,0,0,0,0,0,0,0,0,0,0,0,0
,,,,,,,,,,,,,,,,,,,,,,,,,,,,,,,,,,,,,,,,,,,,,,,,,,,,,,,,,,,,,,,,,,,,,,,,,,,,,,,,,,,,,,,,,,
Russia.commodity_area_harvested_data,0,0,0,0,0,0,0,0,0,0,0,0,0,0,0,0,0,0,0,0,0,0,0,0,0,0,0,0,0,0,0,795450,786880,524100,629600,622410,845500,501500,542400,720900,467300,546800,659100,870400,830500,971000,1296250,1731700,1122200,1025200,0,0,0,0,0,0,0,0,0,0,0,0,0,0,0,0,0,0,0,0,0,0,0,0,0,0,0,0,0,0,0,0,0,0,0,0,0,0,0,0
...,0,0,0,0,0,0,0,0,0,0,0,0,0,0,0,0,0,0,0,0,0,0,0,0,0,0,0,0,0,0,0,24259500,24665500,22160500,21597000,22546000,24018400,19858200,19755200,21346000,22832700,24477700,20005600,22919900,24682600,23049100,23500500,26070300,26819900,21780500,0,0,0,0,0,0,0,0,0,0,0,0,0,0,0,0,0,0,0,0,0,0,0,0,0,0,0,0,0,0,0,0,0,0,0,0,0,0,0,0
...,0,0,0,0,0,0,0,0,0,0,0,0,0,0,0,0,0,0,0,0,0,0,0,0,0,0,0,0,0,0,0,265300,260600,192900,144070,156850,140400,135900,162300,167600,142300,130100,143000,125000,136700,156200,157000,160400,177500,200900,0,0,0,0,0,0,0,0,0,0,0,0,0,0,0,0,0,0,0,0,0,0,0,0,0,0,0,0,0,0,0,0,0,0,0,0,0,0,0,0
...,0,0,0,0,0,0,0,0,0,0,0,0,0,0,0,0,0,0,0,0,0,0,0,0,0,0,0,0,0,0,0,0,0,0,0,0,0,0,0,0,0,0,0,0,0,0,0,0,0,0,0,0,0,0,0,0,0,0,0,0,0,0,0,0,0,0,0,0,0,0,0,0,0,0,0,0,0,0,0,0,0,0,0,0,0,0,0,0,0,0
...,0,0,0,0,0,0,0,0,0,0,0,0,0,0,0,0,0,0,0,0,0,0,0,0,0,0,0,0,0,0,0,4224413,4054700,4128040,5326209,4898598,3955961,4300830,5721616,5104630,4108530,4413455,5674542,5671178,6462606,7380550,6349390,7441830,7087700,7540200,0,0,0,0,0,0,0,0,0,0,0,0,0,0,0,0,0,0,0,0,0,0,0,0,0,0,0,0,0,0,0,0,0,0,0,0,0,0,0,0
...,0,0,0,0,0,0,0,0,0,0,0,0,0,0,0,0,0,0,0,0,0,0,0,0,0,0,0,0,0,0,0,1438880,1333300,1104450,1085480,1059950,745230,707000,823060,746540,731830,714590,853290,790060,758720,942750,987800,799950,770200,923800,0,0,0,0,0,0,0,0,0,0,0,0,0,0,0,0,0,0,0,0,0,0,0,0,0,0,0,0,0,0,0,0,0,0,0,0,0,0,0,0
,,,,,,,,,,,,,,,,,,,,,,,,,,,,,,,,,,,,,,,,,,,,,,,,,,,,,,,,,,,,,,,,,,,,,,,,,,,,,,,,,,,,,,,,,,
S_S_AFR.commodity_area_harvested_data,42505330,43418028,44314249,44469902,46054787,44436801,47341990,45711721,51106950,48893630,48913601,45833072,47913900,48278488,45691321,48945265,46484632,45367971,43484521,46054957,44554021,44069800,45901913,48132161,53533002,57651795,56173661,61461244,60100162,59197241,62901376,65526068,66439942,72275629,69364313,71194425,72418826,71756266,69422024,68608491,69738342,70605671,78194209,72912332,82699601,79026116,79427254,83035405,79013566,81116556,0,0,0,0,0,0,0,0,0,0,0,0,0,0,0,0,0,0,0,0,0,0,0,0,0,0,0,0,0,0,0,0,0,0,0,0,0,0,0,0
...,2569562,2544780,2724978,2529530,2657989,2461003,2674495,3117471,3349592,3486737,3604067,3645671,3243437,3173751,3158561,3106958,2941625,2962655,2960720,2650528,2820271,3125002,2920731,2978998,3057905,3233103,2926868,3192438,3072795,2852377,2851754,2041787,2341165,2502985,2807739,2944205,2950789,2291085,2297189,2503496,2699509,2467599,2512120,2926828,3005380,2868816,2791145,2835666,2897070,2892135,0,0,0,0,0,0,0,0,0,0,0,0,0,0,0,0,0,0,0,0,0,0,0,0,0,0,0,0,0,0,0,0,0,0,0,0,0,0,0,0
...,2543808,2743578,2633496,2776994,2770430,2873402,3089277,3150441,3133743,3301568,3430511,3363086,3551806,3613072,3822801,3840856,4039132,4082193,4315068,4291174,4396314,4507830,4413840,4455260,4570131,4740121,4791217,5244124,6086983,5597115,6123253,6171118,6093952,6316911,6404450,6455554,6801454,7015637,6845870,6896727,6982354,7167538,7359513,7678523,8076541,8455847,7755006,8252574,8775093,8584653,0,0,0,0,0,0,0,0,0,0,0,0,0,0,0,0,0,0,0,0,0,0,0,0,0,0,0,0,0,0,0,0,0,0,0,0,0,0,0,0
...,0,0,0,0,0,0,0,0,0,0,0,0,0,0,0,0,0,0,0,0,0,0,0,0,0,0,0,0,0,0,0,0,0,0,0,0,0,0,0,0,0,0,0,0,0,0,0,0,0,0,0,0,0,0,0,0,0,0,0,0,0,0,0,0,0,0,0,0,0,0,0,0,0,0,0,0,0,0,0,0,0,0,0,0,0,0,0,0,0,0
...,12193978,12088242,13097727,13076988,13495992,13451041,13252027,13645449,13381122,14042121,14246209,14730938,14701621,14364140,14607987,13454354,13797401,13577051,13178504,13256892,13428932,12554883,12770364,12783098,12470697,13095797,13526749,14356361,14310231,13909550,14567536,15967093,15879309,17182192,18089312,19126075,19018252,19223654,20627778,20482508,20725340,20847876,21459286,22494263,22514298,22484918,22064901,24096874,25124864,24962554,0,0,0,0,0,0,0,0,0,0,0,0,0,0,0,0,0,0,0,0,0,0,0,0,0,0,0,0,0,0,0,0,0,0,0,0,0,0,0,0
...,342882,358685,410640,422664,459868,507213,557167,561937,586916,585038,598979,602529,622484,648439,674377,712706,751866,753887,784766,779732,869884,893401,901082,1014497,1017751,1048681,1033820,1018909,981455,1008021,1019517,964514,970430,1000532,1011023,1050368,1068283,1087157,1109970,1122126,1140008,1267279,1313445,1312864,1367292,1312497,1364863,1380945,1385691,1408069,0,0,0,0,0,0,0,0,0,0,0,0,0,0,0,0,0,0,0,0,0,0,0,0,0,0,0,0,0,0,0,0,0,0,0,0,0,0,0,0
,,,,,,,,,,,,,,,,,,,,,,,,,,,,,,,,,,,,,,,,,,,,,,,,,,,,,,,,,,,,,,,,,,,,,,,,,,,,,,,,,,,,,,,,,,
S_o_Amer.commodity_area_harvested_data,8902201,8112783,8922727,9479112,8742991,9385783,10044014,10136052,10116037,10962172,11600717,10125680,11083740,10691710,9921103,9675079,10001350,10085647,9677015,8159011,9778609,10008209,9579104,9697379,9504960,9169375,8936603,8355866,7177003,6862719,7540626,7718032,7707621,7372397,7436211,7601783,8720255,7961403,7467203,8421834,8208263,7430958,7570776,7683871,7871613,8131886,8896927,9791817,8145586,9427372,0,0,0,0,0,0,0,0,0,0,0,0,0,0,0,0,0,0,0,0,0,0,0,0,0,0,0,0,0,0,0,0,0,0,0,0,0,0,0,0
...,6108472,5394188,7231433,7852609,6289351,6790556,7128514,7483205,6814427,5145131,5735862,6211536,5104634,5578324,6749990,8350135,5407438,5948175,6095305,6188975,7067510,8354642,8057487,6979713,6492626,6113088,6079967,5953804,6613949,7042908,5654342,5370093,5911525,6282549,6002011,8334644,6976377,6607258,7237158,7466331,8022078,7276781,6931189,7365066,6196815,6770469,7002803,5818033,5049705,5994329,0,0,0,0,0,0,0,0,0,0,0,0,0,0,0,0,0,0,0,0,0,0,0,0,0,0,0,0,0,0,0,0,0,0,0,0,0,0,0,0
...,737199,827891,761802,907634,973989,985525,942556,912733,919040,981356,923881,879294,942088,1079847,1183102,1104049,1216109,1247367,1310425,1285328,1395914,1489632,1295424,1467592,1432691,1350598,1485235,1519054,1624293,1568941,1538153,1673871,1730156,1846239,1926216,1943668,1898349,1908789,2207092,1987240,1945364,1853956,1952397,2134146,2111158,2048324,2023676,2169530,2474221,2380499,0,0,0,0,0,0,0,0,0,0,0,0,0,0,0,0,0,0,0,0,0,0,0,0,0,0,0,0,0,0,0,0,0,0,0,0,0,0,0,0
...,0,0,0,0,0,0,0,0,0,0,0,0,0,0,0,0,0,0,0,0,0,0,0,0,0,0,0,0,0,0,0,0,0,0,0,0,0,0,0,0,0,0,0,0,0,0,0,0,0,0,0,0,0,0,0,0,0,0,0,0,0,0,0,0,0,0,0,0,0,0,0,0,0,0,0,0,0,0,0,0,0,0,0,0,0,0,0,0,0,0
...,2815254,3339292,3090302,3050286,3243740,3128732,3140601,2672118,2987036,3246819,3326907,2906658,3088398,3133296,3113804,3444074,3877429,5558949,5485107,6441875,5100173,5800676,6352956,7116376,7857217,8682687,7898942,9098068,8979223,10484125,9539454,9792023,9133333,9981491,11217370,11717712,12125080,13356979,15439464,15166219,15540033,16788058,18165707,20320614,20574775,22048466,23531631,24193786,24453663,25858728,0,0,0,0,0,0,0,0,0,0,0,0,0,0,0,0,0,0,0,0,0,0,0,0,0,0,0,0,0,0,0,0,0,0,0,0,0,0,0,0
...,774677,768108,832946,880591,911388,852176,783887,799207,788237,812278,847387,903510,932423,993095,1000665,1092341,1124564,1077281,1063320,1041259,1072838,1036284,1035560,1091263,1115173,1160588,1156585,1113254,1025628,1065887,1100124,1108619,1114200,1123160,1187754,1201424,1185349,1239327,1165661,1199759,1217573,1221827,1246584,1235163,1254083,1275163,1338116,1345624,1378835,1176581,0,0,0,0,0,0,0,0,0,0,0,0,0,0,0,0,0,0,0,0,0,0,0,0,0,0,0,0,0,0,0,0,0,0,0,0,0,0,0,0
,,,,,,,,,,,,,,,,,,,,,,,,,,,,,,,,,,,,,,,,,,,,,,,,,,,,,,,,,,,,,,,,,,,,,,,,,,,,,,,,,,,,,,,,,,
USA.commodity_area_harvested_data,43703009,42486265,43574374,40405828,39914049,40611162,41769327,40282710,39650391,41164782,44066370,38802366,42058131,41119885,43124416,43721288,44644372,43542746,42250122,41741731,43900166,43610539,33247100,43988982,45934500,41835900,35896404,33269450,37539000,36869190,37857042,39470829,33973159,37933845,34116370,38590946,37388155,36653465,35612670,36105268,34483561,33987041,35390047,35469678,35422171,33026036,40411467,37453245,36758099,36984220,0,0,0,0,0,0,0,0,0,0,0,0,0,0,0,0,0,0,0,0,0,0,0,0,0,0,0,0,0,0,0,0,0,0,0,0,0,0,0,0
...,20870000,17680000,18415000,20138000,20056000,20077400,23614300,22162300,19079000,17629500,19297200,19142600,21912600,26453100,28124800,28702700,26986500,22863000,25274500,28783600,32635000,31540300,24843300,27085000,26184000,24559000,22646000,21525000,25167000,27965000,23392000,25398800,25378900,24997000,24685000,25414000,25414000,23878000,21781000,21474100,19616500,18544500,21474100,20222000,20276600,18939500,20638800,22540800,20191200,19278200,0,0,0,0,0,0,0,0,0,0,0,0,0,0,0,0,0,0,0,0,0,0,0,0,0,0,0,0,0,0,0,0,0,0,0,0,0,0,0,0
...,643000,717000,717000,723000,725470,796086,797260,952374,861321,734373,735668,735668,878237,1024250,1140390,1003610,910150,1201930,1161060,1340300,1534580,1320100,877750,1134000,1008500,955000,944100,1173600,1087000,1142400,1125400,1267500,1146500,1341950,1251700,1134750,1255750,1318080,1421270,1229850,1341140,1297840,1212860,1345590,1361380,1141630,1112090,1204360,1255750,1462950,0,0,0,0,0,0,0,0,0,0,0,0,0,0,0,0,0,0,0,0,0,0,0,0,0,0,0,0,0,0,0,0,0,0,0,0,0,0,0,0
...,0,0,0,0,0,0,0,0,0,0,0,0,0,0,0,0,0,0,0,0,0,0,0,0,0,0,0,0,0,0,0,0,0,0,0,0,0,0,0,0,0,0,0,0,0,0,0,0,0,0,0,0,0,0,0,0,0,0,0,0,0,0,0,0,0,0,0,0,0,0,0,0,0,0,0,0,0,0,0,0,0,0,0,0,0,0,0,0,0,0
...,12735636,13143496,13732402,14385266,15828249,16620570,17722132,18379335,18576768,19043418,18788441,20009323,24252826,22425367,23520671,21486462,25517690,27904053,31756522,29854460,29230140,30913920,27405000,29181530,27006710,25390370,24789217,24882850,25650560,24589750,25681820,25330460,25173750,26971200,27235420,27519860,30141833,31252485,32014215,31843486,32065736,31704940,31565078,31836810,31485360,32221109,27970954,32459956,32690750,33020464,0,0,0,0,0,0,0,0,0,0,0,0,0,0,0,0,0,0,0,0,0,0,0,0,0,0,0,0,0,0,0,0,0,0,0,0,0,0,0,0
...,620500,639360,738338,841265,751488,722880,713677,828705,849247,789493,805313,821702,792565,787791,926960,901546,799500,814600,749650,777867,802688,715650,737930,746070,757800,804300,840100,868500,868700,878700,924200,945600,954200,963100,952000,895260,947100,970350,1020060,973400,918201,964742,947015,908490,876074,890844,860532,757782,818449,822820,0,0,0,0,0,0,0,0,0,0,0,0,0,0,0,0,0,0,0,0,0,0,0,0,0,0,0,0,0,0,0,0,0,0,0,0,0,0,0,0
