BRAZIL.commodity_prod'n_data,9036.24,9587.29,10418.3,9408.04,12111.9,11371.5,12824.4,12813.6,12693.4,14216,14129.7,14891.4,14185.9,16273.2,16334.5,17751.1,19255.9,13569.4,16306.4,20372.1,21116.9,21842.5,18731.2,21164.1,22018.2,20541.2,26786.7,24749.6,26589.9,21347.8,23624.3,30506.1,30055.6,32487.6,36267,32185.2,32948,29601.8,32037.6,31879.4,41955.3,35933,48327.3,41787.6,35113.3,42661.7,52112.2,58933.3,50719.8,56060.4,0,0,0,0,0,0,0,0,0,0,0,0,0,0,0,0,0,0,0,0,0,0,0,0,0,0,0,0,0,0,0,0,0,0,0,0,0,0,0,0
...,544.858,705.619,392.363,643.004,585.384,614.657,629.301,856.17,1373.69,1844.26,2011.33,982.901,2031.34,2858.53,1788.18,3215.75,2066.04,2690.89,2926.76,2701.61,2209.63,1826.95,2236.7,1983.16,4320.27,5638.47,6099.11,5745.67,5555.18,3093.79,2916.82,2795.6,2197.35,2096.26,1533.87,3292.76,2489.07,2269.85,2461.86,1661.53,3364.95,3105.66,6153.5,5818.85,4937.123,2693.748,4297.931,6211.734,5177.742,6154.302,0,0,0,0,0,0,0,0,0,0,0,0,0,0,0,0,0,0,0,0,0,0,0,0,0,0,0,0,0,0,0,0,0,0,0,0,0,0,0,0
...,5392.48,5556.83,5740.07,6344.93,7579.65,5801.81,6791.99,6652.39,6394.29,7553.08,6593.18,6760.64,7160.13,6764.04,7781.54,9757.08,8993.7,7296.14,7595.21,9775.72,8228.33,9734.55,7741.75,9027.37,9024.56,10404.7,10425.1,11806.5,11029.8,7420.93,9488.01,10006.3,10107.3,10540.8,11226.1,8643.8,8351.67,7716.09,11709.7,11089.8,10184,10457.1,10334.6,13277,13192.9,11526.7,11060.7,12061.5,12651.1,11308.9,0,0,0,0,0,0,0,0,0,0,0,0,0,0,0,0,0,0,0,0,0,0,0,0,0,0,0,0,0,0,0,0,0,0,0,0,0,0,0,0
...,62.781,68.598,66.197,73.248,73.839,79.998,76.657,96.605,88.449,84.961,80.003,68.942,344.264,344.219,334.185,419.304,598.163,477.215,318.964,368.079,495.698,434.285,487.897,536.621,648.141,714.02,837.537,603.367,759.556,627.898,652.893,749.977,713.17,728.106,614.937,835.43,1082.509,1146.498,1219.772,1262.642,1620.396,1383.116,2652.797,3080.216,2425.328,2266.87,1970.748,2545.244,2365.09,2207.424,0,0,0,0,0,0,0,0,0,0,0,0,0,0,0,0,0,0,0,0,0,0,0,0,0,0,0,0,0,0,0,0,0,0,0,0,0,0,0,0
...,2397.494,2816.9,2687.568,2699.196,3168.185,3647.278,3769.148,3832.11,4300.914,4778.212,5528.001,6553.869,8197.998,10822.61,12427.19,13390.1,14947.84,11897.13,12816.76,17724.11,17530.12,15363.72,16780.51,18162.86,21729.41,16143.30,19248.77,20954.99,26502.93,22564.77,17762.86,21898.06,24551.63,27155.16,27984.93,25201.88,29239.87,34476.91,34661.72,37088.17,43991.66,48224.43,57510.21,56477.54,58156.25,58713.83,64816.06,67693.4,64229.54,74756.62,0,0,0,0,0,0,0,0,0,0,0,0,0,0,0,0,0,0,0,0,0,0,0,0,0,0,0,0,0,0,0,0,0,0,0,0,0,0,0,0
...,59377.4,62534.5,63722.9,66399,75852.9,75787.5,77086.5,76610.5,75247.1,79752.9,80380.4,85106.2,91994,95623.7,91524.6,103173,120082,129145,138899,148651,155924,186647,216037,222318,247199,238443,268504,258294,252290,262674,260888,271475,244531,292102,303699,317106,331613,345255,333848,327705,345942,364391,396012,415206,422957,477411,549707,645300,672157,719157,0,0,0,0,0,0,0,0,0,0,0,0,0,0,0,0,0,0,0,0,0,0,0,0,0,0,0,0,0,0,0,0,0,0,0,0,0,0,0,0

CAN.commodity_prod'n_data,906.582,1036.5,1062.452,1519.116,1694.82,1891.43,2078.49,2301.1,2115.634,2848.957,3179.271,2755.43,3030,2848.11,3923.76,4028.16,4497.67,4720.88,5562.43,6030.72,6985.759,6847.57,6195.17,7085.27,7277.51,6186.57,7355.45,5685.56,6917.06,7403.55,7716.08,5190.72,6779.04,7388.29,7595.56,7882.31,7542.58,9300.636,9492.005,7212.683,8672.876,9274.006,9910.795,9123.724,9584.545,9232.463,11944.94,10808.83,9788.036,11914.49,0,0,0,0,0,0,0,0,0,0,0,0,0,0,0,0,0,0,0,0,0,0,0,0,0,0,0,0,0,0,0,0,0,0,0,0,0,0,0,0
...,7713,15393,19691,16349,17674,22516.8,16136.9,17689,18267.7,9024.25,14412.3,14514,16159.2,13303.5,17080.6,23587.2,19858.2,21136.8,17196,19292,24802,26715,26465,21187.9,24252,31378,25945,15913,24798.6,32100.83,31948,29880,27287,22960.2,25029.3,29836.6,24311.3,24167.6,27067,26625.2,20661.4,15987.3,23113,24875.5,25791.3,25292.3,20101,28649,26877.6,23232.8,0,0,0,0,0,0,0,0,0,0,0,0,0,0,0,0,0,0,0,0,0,0,0,0,0,0,0,0,0,0,0,0,0,0,0,0,0,0,0,0
...,0,0,0,0,0,0,0,0,0,0,0,0,0,0,0,0,0,0,0,0,0,0,0,0,0,0,0,0,0,0,0,0,0,0,0,0,0,0,0,0,0,0,0,0,0,0,0,0,0,0,0,0,0,0,0,0,0,0,0,0,0,0,0,0,0,0,0,0,0,0,0,0,0,0,0,0,0,0,0,0,0,0,0,0,0,0,0,0,0,0
...,8275.396,13019.88,13512.19,10813.39,13043.46,14461.63,12060.55,14648.02,15771.74,16902.79,21501.49,18424.06,17637.67,14941.62,16382.1,17363.62,18131.4,16279.48,13482.9,16319.5,19377.6,20095.9,15051.2,14828.1,17017.4,19675.2,18675.4,14212,16719.7,17639.4,14496.2,14884.95,17694.9,16614,17044,21121.1,18066,17872.5,17849.2,17511.5,14340.8,11060.8,16488.7,17065.9,15838.9,14295.2,16359.1,16790.38,12970.96,10464.9,0,0,0,0,0,0,0,0,0,0,0,0,0,0,0,0,0,0,0,0,0,0,0,0,0,0,0,0,0,0,0,0,0,0,0,0,0,0,0,0
...,830.652,751.384,928.934,1042.462,1541.123,1479.642,1102.939,1409.167,1810.983,3248.844,3163.799,2267.643,2255.969,1920.256,2730.594,1423.479,3366.338,4807.982,5151.137,3872.06,3136.2,4017,3926.3,5219.7,5594,6035.7,6029.5,5910.5,5150.1,5777.361,6575.539,5863.37,8253.1,10881.2,10146.9,8369.4,10335.8,11812.6,12946.3,10929.9,7578.8,7849.2,10169.8,11576.28,13901.48,13723.84,13182.09,17117.76,17169.01,16893.1,0,0,0,0,0,0,0,0,0,0,0,0,0,0,0,0,0,0,0,0,0,0,0,0,0,0,0,0,0,0,0,0,0,0,0,0,0,0,0,0
...,1003.08,1003.07,1166.4,1177.44,1036.31,1057.37,980.74,996.289,978.14,831.802,1103.1,970.455,901.9,751.592,942.594,1158.4,1010.84,946.552,855.4,881.1,1215.5,1024,1167.4,925,400,945.3,989,717,828,941.7,1085,775.7,782.9,1091.3,1026.9,1034.2,635,880,743.9,821,544.3,344.7,680.4,743.9,607.8,870.9,762,344.7,657.7,508,0,0,0,0,0,0,0,0,0,0,0,0,0,0,0,0,0,0,0,0,0,0,0,0,0,0,0,0,0,0,0,0,0,0,0,0,0,0,0,0

CHIHKG.commodity_prod'n_data,18027.09,16286.26,20614.53,22732.1,23691.08,29181.64,31014.08,29121.49,28464.78,33087.42,35906.82,32170.53,38714.18,43027.1,47357.88,48264.21,49495,56057.17,60138.51,62715.14,59306.23,60678.42,68405.45,73650.19,64102.31,71177.3,79601.78,77723.75,79310.4,97228.88,99165.82,95799.87,103140,99706.43,112389.6,127865.4,104647.6,133197.6,128287.2,106178.3,114254,121507.2,116010.6,130447.6,139512.5,151764.4,152471.9,166073.1,164149.6,177578.4,0,0,0,0,0,0,0,0,0,0,0,0,0,0,0,0,0,0,0,0,0,0,0,0,0,0,0,0,0,0,0,0,0,0,0,0,0,0,0,0
...,14294.25,16707.1,18493.74,20859.71,25243.49,25308.51,28508.86,27472.12,27294.95,29188.66,32577.35,35986.55,35225.92,40865.74,45314.24,50388.53,41094.41,53887.98,62817.08,55336.04,59649.51,68474.62,81393.62,87819.36,85809.15,90046.55,85909.58,85438.88,90818.71,98242.03,95984.58,101635.4,106456.4,99372,102307.1,110691.4,123460.5,109919.6,114125.4,100001.2,94517.61,91270.03,87548.46,92702.24,98000.2,108739.3,109748.3,112839.3,115465.4,115450.3,0,0,0,0,0,0,0,0,0,0,0,0,0,0,0,0,0,0,0,0,0,0,0,0,0,0,0,0,0,0,0,0,0,0,0,0,0,0,0,0
...,56217.6,65675.29,76439.28,85853.78,90705.63,98403.99,96734.82,97716.77,97998.5,113101.9,118129.2,116428.6,124584.1,127010.7,128726.3,129231.9,131917.5,140023.9,146846.1,142876.5,146959.8,164741.4,172008.9,181095.7,171318.9,174720.5,176662.5,171441.9,182485.2,191614.7,185692.6,188291.9,179746.9,177994.4,187298.0,197032.9,202771.8,200571.2,200403.3,189814.1,179304.9,176342.2,162304.3,180522.6,182055.1,183276.0,187397.5,193284.2,196681.2,197212,0,0,0,0,0,0,0,0,0,0,0,0,0,0,0,0,0,0,0,0,0,0,0,0,0,0,0,0,0,0,0,0,0,0,0,0,0,0,0,0
...,21120.04,21751.63,21906.67,22909.04,22513.08,24714.35,24917.39,22813.63,22713.51,25443.89,25514.37,21921.32,23321.24,23728.28,23124.64,22327.07,20778.09,23068.62,22925.27,19359.24,20533.96,21468.98,23818.33,23371.78,18646.79,16139.37,17065.36,17218.54,15021.35,17648.07,17638.83,18574.74,18616.85,19419.31,16697.08,18179.13,15050.93,14706.26,12376.53,11342.97,10318.32,10889.10,10271.85,9504.852,9816.358,9047.778,8247.692,7819.506,7013.446,7363.361,0,0,0,0,0,0,0,0,0,0,0,0,0,0,0,0,0,0,0,0,0,0,0,0,0,0,0,0,0,0,0,0,0,0,0,0,0,0,0,0
...,11071.25,11408.75,13299.05,16012.42,15393.63,18485.3,18613.55,18118.30,17098.75,19011.69,18940.08,16738.30,19826.79,19071.44,18653.09,16605.43,17460.44,19495.91,20720.47,23157.27,27911.08,30282.91,31772.94,36362.65,36924.87,35810.78,38812.08,35810.9,33529.14,38649.57,40325.61,38678.68,43638.28,47590.67,48540.89,46898.6,48821.58,50462.17,51164.95,56959.34,58022.93,58733.03,56436.49,64111.74,61978.62,59431.3,57392.38,63881.71,63153.06,62474.24,0,0,0,0,0,0,0,0,0,0,0,0,0,0,0,0,0,0,0,0,0,0,0,0,0,0,0,0,0,0,0,0,0,0,0,0,0,0,0,0
...,13212.69,10168.31,15075.93,20469.65,25102.7,23204.97,22242.93,21043.1,20124.72,21805.76,23427.22,26107.79,27407.27,27866.9,27041.82,28542.65,31509.9,32096.38,34292.37,38282.58,44739.6,52198.38,47805.73,54754.03,67629.92,64789.3,60951.5,68872.8,64888.53,77975.52,88983.72,93937.55,81045.31,78955.97,84262.81,87986.55,97982.39,101670.2,86746.75,77372.22,88854.29,105022.6,98220.96,96901.59,95459.21,100814.3,122662.9,134961.3,123430.2,120750.4,0,0,0,0,0,0,0,0,0,0,0,0,0,0,0,0,0,0,0,0,0,0,0,0,0,0,0,0,0,0,0,0,0,0,0,0,0,0,0,0

C_C_Amer.commodity_prod'n_data,7867.254,8065.128,8618.939,10313.11,10834.25,11193.82,10526.69,11094.66,10531.24,11127.39,12034.64,11276.78,10846.31,10045.01,10856.21,10328.86,12506.8,13536.65,10930.70,14952.93,16692.11,12797.51,15987.29,15695.36,17099.57,14997.59,14839.19,13850.92,14321.6,17991.38,17449.85,20525.39,21604.8,21509.83,21822.10,21445.07,20751.06,21665.67,21142.62,21131.31,23846.71,23162.52,24718.29,25645.53,23569.47,26174.78,28230.40,29065.09,25078.09,28571.11,0,0,0,0,0,0,0,0,0,0,0,0,0,0,0,0,0,0,0,0,0,0,0,0,0,0,0,0,0,0,0,0,0,0,0,0,0,0,0,0
...,1427.368,1488.094,1739.29,2239.73,2178.042,1677.55,2154.494,2114.434,2357.949,2713.156,1869.581,1856.435,2138.654,2840.286,2844.102,3411.664,2512.022,2845.276,2343.994,2845.738,3249.241,4440.723,3533.683,4596.933,5269.462,4824.863,4462.565,3717.26,4420.001,3964.194,4084.389,3644.71,3607.522,4177.803,3495.123,3399.62,3680.998,3250.692,3030.104,3505.178,3287.52,3247.562,2725.495,2333.169,3029.123,3392.479,3530.152,4029.977,4127.279,3690.808,0,0,0,0,0,0,0,0,0,0,0,0,0,0,0,0,0,0,0,0,0,0,0,0,0,0,0,0,0,0,0,0,0,0,0,0,0,0,0,0
...,976.83,976.502,1011.538,943.813,1039.03,1075.773,1175.732,1212.168,1306.849,1461.927,1453.62,1421.092,1582.624,1795.498,2114.337,1830.37,1975.919,1901.807,2070.047,2118.221,2410.072,2220.22,2334.771,2384.999,2681.252,2329.711,2323.229,2127.188,2303.012,2154.85,2093.085,2201.061,1788.094,2027.862,2077.966,2365.218,2563.519,2302.504,2431.117,2494.931,2485.947,2629.69,2599.733,2244.384,2194.594,2446.612,2420.242,2476.628,2770.423,2760.73,0,0,0,0,0,0,0,0,0,0,0,0,0,0,0,0,0,0,0,0,0,0,0,0,0,0,0,0,0,0,0,0,0,0,0,0,0,0,0,0
...,950.99,951.445,1098.493,1211.379,1488.616,2158.822,2371.589,2915.858,3230.316,3583.25,3353.796,3478.954,4169.684,3955.393,5186.689,5123.864,5275.16,5284.892,4951.149,5839.471,7292.794,5743.28,6175.592,6470.102,7923.072,6176.199,7581.2,7036.006,6169.442,7123.823,5533.095,6567.024,3786.463,4540.235,5213.192,8087.166,6857.286,7459.971,6765.678,7046.143,7886.778,6497.286,8114.959,8489.068,6838.492,6979.862,7458.058,7954.943,7179.639,8146.518,0,0,0,0,0,0,0,0,0,0,0,0,0,0,0,0,0,0,0,0,0,0,0,0,0,0,0,0,0,0,0,0,0,0,0,0,0,0,0,0
...,3266.459,3573.589,3477.14,3639.235,3823.848,4018.481,3717.597,4094.145,3551.017,3430.749,3808.391,3771.073,4028.822,4170.988,3990.622,3433.152,4426.861,4455.166,4690.327,4073.735,4090.292,3830.962,4293.148,4138.006,4377.194,4056.622,4347.383,4105.405,4426.362,4213.189,4387.92,4092.894,4068.567,4466.071,4469.623,4594.351,4895.669,5156.761,5112.06,5046.368,5449.227,5434.987,5882.231,6526.308,6544.139,7354.282,7443.529,8134.154,7911.81,8056.023,0,0,0,0,0,0,0,0,0,0,0,0,0,0,0,0,0,0,0,0,0,0,0,0,0,0,0,0,0,0,0,0,0,0,0,0,0,0,0,0
...,111189.7,93154.46,89975.31,100997.2,116036.3,106401.0,119529.9,110515,111323.1,154311.3,124712.7,116901.6,120386.1,125107.7,126897.8,127899.7,133658.6,148474.7,153007.0,138759.7,139000.9,151739.8,145123.6,152742.8,139276.9,149585.0,152525.0,152338.0,159613.4,158220.4,157853.5,148773.7,127507.1,123707.1,120534.2,132820.6,133612.0,130047.0,127244.1,125988.7,124812.0,125472.8,116949.1,124201.6,115654.6,111785.8,112222.6,113243.0,115204,112790.1,0,0,0,0,0,0,0,0,0,0,0,0,0,0,0,0,0,0,0,0,0,0,0,0,0,0,0,0,0,0,0,0,0,0,0,0,0,0,0,0

EU27.commodity_prod'n_data,18982.14,17363.24,21708.2,21205.21,20067.48,24983.04,23516.71,25648.67,29300.6,29898.52,33696.77,36427.51,37060.94,33998.72,37985.70,35391.74,39232.24,39826.98,45702.7,42140.19,41179.38,47161.96,44324.36,45601.64,48914.77,49349.24,45744.77,47312.16,46679.38,37924.29,51580,45702.62,46508.62,46686.24,48625.17,54419.79,63228.33,54979.47,60074.63,52325.74,62514.81,61225.43,53869.21,73064.1,64130.9,56989.3,49977.21,63989.9,58661.08,58497.28,0,0,0,0,0,0,0,0,0,0,0,0,0,0,0,0,0,0,0,0,0,0,0,0,0,0,0,0,0,0,0,0,0,0,0,0,0,0,0,0
...,47618.59,57755.77,50546.72,57067.51,63607.07,57571.58,67488.6,67966.26,65397.61,62344.35,74969.8,76276.53,76811.37,83589.56,72059.08,78960.92,76064.99,88136.24,77951.41,93351.77,87357.09,96591.8,96727.49,122220.9,106576.8,109785.1,111658.8,118667.2,124673.4,127675.1,129901.8,115733.6,115069.7,119223.5,124534.8,130740.3,133224.4,141617.8,130057.2,139850.4,135355.4,142820.9,119781.1,160546.5,145886.3,135535,129865.9,161363.4,150320.8,146772.0,0,0,0,0,0,0,0,0,0,0,0,0,0,0,0,0,0,0,0,0,0,0,0,0,0,0,0,0,0,0,0,0,0,0,0,0,0,0,0,0
...,1591.293,1523.01,1465.144,1552.267,1298.111,1467.716,1635.739,1486.864,1821.586,1740.243,1762.572,1542.864,1915.753,1843.101,1852.079,1598.417,1424.536,1757.468,1970.801,1791.056,1715.603,1831.674,1682.637,1918.064,2126.434,2222.768,2094.072,2167.79,2085.328,2369.526,2263.574,2233.804,2034.114,2199.32,2151.351,2706.378,2749.405,2671.068,2722.503,2487.137,2576.061,2635.589,2710.107,2902.157,2672.121,2611.008,2770.93,2622.84,3031.99,3208.948,0,0,0,0,0,0,0,0,0,0,0,0,0,0,0,0,0,0,0,0,0,0,0,0,0,0,0,0,0,0,0,0,0,0,0,0,0,0,0,0
...,66372.87,69322.12,71319.21,71450.3,73403.62,73669.58,83017.85,83757.31,84828.56,76243.36,90311.64,91930.6,91825.13,97510.23,91233.42,85951.66,95104.69,104180.6,95672.35,102402.2,95524.34,102573.4,94266.41,113987.3,106583.0,99452.54,97627.16,99866.75,99939.76,99409.2,97834.64,81633.59,85568.87,81458.1,82858.26,90732.63,93550.76,91537.18,84351.16,83809.17,85408.2,83292.38,76877.77,89992.43,76198.02,75562.4,80498.84,89153.79,86339.62,73858.27,0,0,0,0,0,0,0,0,0,0,0,0,0,0,0,0,0,0,0,0,0,0,0,0,0,0,0,0,0,0,0,0,0,0,0,0,0,0,0,0
...,9381.516,7428.147,10926.12,6627.594,9021.311,8856.028,10140.00,9530.813,9288.462,10110.01,11178.94,10972.77,11686.28,10915.10,13075.27,11096.69,12707.93,13029.53,12409.71,15578.75,13804.48,16799.04,16177.9,18583.41,19868.03,20397.83,26867.10,23163.19,25227.31,23514.58,28197.76,24474.75,23039.59,24555.72,26482.41,26483.82,31004.59,30343.65,33823.8,29693.74,31831.95,29932.28,33018.03,37074.8,34904.58,37162.76,36870.25,39511.17,44026.89,42444.8,0,0,0,0,0,0,0,0,0,0,0,0,0,0,0,0,0,0,0,0,0,0,0,0,0,0,0,0,0,0,0,0,0,0,0,0,0,0,0,0
...,89542.42,80475.1,92851.67,103941.3,97403.6,105577.1,113050.5,116092.6,106133.7,106565.3,112213.7,118412.7,122125.1,117058.0,135034.4,140654.9,146057.7,140371.4,139453.4,137642.9,167529.4,164305.9,133204.0,150784.5,144120.5,144947.7,142207.3,140741.8,153296.3,152292.0,138782.4,145090.0,147793.4,134289.2,140944.1,149290.5,153497.7,145280.8,149248.5,140345.7,127009.2,145215.4,124888.3,135934.3,138433.5,113694.9,117083.8,103615.9,117443.8,107123.4,0,0,0,0,0,0,0,0,0,0,0,0,0,0,0,0,0,0,0,0,0,0,0,0,0,0,0,0,0,0,0,0,0,0,0,0,0,0,0,0

E_Asia.commodity_prod'n_data,1261.162,1322.537,1450.438,1539.712,1354.94,1505,1399,1380,1682.581,1673,1734.14,1659,1844,1976,2054.186,2269.627,2382.705,2500.187,2649,2854.071,2945.342,3017.048,3100.637,3333.4,3431.77,3513.27,3627.39,3705.859,3920.627,4119.868,4274.606,3810.203,4019.107,3635.578,1440.465,897.168,1100.763,1845.203,1314.333,1105.205,1540,1724.223,1795.242,1804.616,1703.47,1814.623,1670.513,1504.22,1781.975,1757.339,0,0,0,0,0,0,0,0,0,0,0,0,0,0,0,0,0,0,0,0,0,0,0,0,0,0,0,0,0,0,0,0,0,0,0,0,0,0,0,0
...,355.4,539.4,524,623.2,563,516,571,486.345,426.023,556.833,603.865,405.697,537.346,426.398,568.633,469.621,477.661,425.705,396.98,420.757,466.628,626.912,883.237,609.637,826.017,811.245,680.066,802.66,817.021,713.089,673.751,576.752,574.683,449.056,391.962,326.205,345.133,361.617,269.326,191.061,265.407,273.898,331.373,323.245,274.097,332.567,311.911,395.189,575.904,544.574,0,0,0,0,0,0,0,0,0,0,0,0,0,0,0,0,0,0,0,0,0,0,0,0,0,0,0,0,0,0,0,0,0,0,0,0,0,0,0,0
...,6488,5971.1,7151.5,7520.1,6772,7576.3,6984.8,6355,8031.4,7803.5,7964.2,7807.5,8448.5,8884,9298.7,10102.6,11408.9,11489.2,10941.04,7957.81,10193.6,9317.86,9671.54,10163.33,9968.26,10258.37,9814.76,10389.16,10241.95,9521.97,11412.53,11803,11294,10059,8403.3,8547.42,8839.1,9086.29,9375.76,8886.58,9466.72,8873.23,8259,9106.93,9018.4,8889.45,7907.5,9781.25,9358.97,8230,0,0,0,0,0,0,0,0,0,0,0,0,0,0,0,0,0,0,0,0,0,0,0,0,0,0,0,0,0,0,0,0,0,0,0,0,0,0,0,0
...,2232.595,2122.38,1627.347,2280.594,2552.718,2781.079,2618.195,2813.188,2745.89,2650.259,2538.06,2621.643,2498.978,2378.81,2852.037,2905.489,1585.862,2279.284,2497.61,1483.045,1522.082,1501.289,1634.028,1584.643,1306.503,1156.093,1274.047,1332.099,1275.657,1054.738,900.639,830.685,763.539,704.117,707.694,659.366,495.608,453.872,520.464,401.947,609.903,548.564,527.062,504.115,541.947,423.967,429.195,437.212,407.596,378.69,0,0,0,0,0,0,0,0,0,0,0,0,0,0,0,0,0,0,0,0,0,0,0,0,0,0,0,0,0,0,0,0,0,0,0,0,0,0,0,0
...,369.019,364.391,362.728,384.964,407.938,415.25,476.515,541.243,543.756,553.6,573.356,550.164,538.016,679.286,689.034,696.44,725.987,702.979,672.731,625.594,679.918,672.138,693.762,784.203,754.234,743.464,775.065,820.918,794.26,796.634,725.742,685.04,636.632,649.334,648.828,649.309,606.493,572.38,536.475,552.896,551.215,545.548,521.952,561.428,596.475,571.842,539.466,561.336,564.678,538.28,0,0,0,0,0,0,0,0,0,0,0,0,0,0,0,0,0,0,0,0,0,0,0,0,0,0,0,0,0,0,0,0,0,0,0,0,0,0,0,0
...,0,0,0,0,0,0,0,0,0,0,0,0,0,0,0,0,0,0,0,0,0,0,0,0,0,0,0,0,0,0,0,0,0,0,0,0,0,0,0,0,0,0,0,0,0,0,0,0,0,0,0,0,0,0,0,0,0,0,0,0,0,0,0,0,0,0,0,0,0,0,0,0,0,0,0,0,0,0,0,0,0,0,0,0,0,0,0,0,0,0

INDIA.commodity_prod'n_data,4312,4607,4561,4664,4823,4893.6,6269.3,5701.1,5674.3,7485.6,5100.5,6388.5,5803.5,5558.9,7255.8,6361.2,5973.3,6199,5602.9,6957,6897.1,6548.5,7922,8441.8,6643.7,7592.8,5721.3,8228.7,9651.3,8961.7,8064.4,9992.1,9601,8884.4,9534,10769,10816,11147.7,11509.6,12043.2,13160.2,11151.7,14984.3,14172,14709.9,15097,18955.4,19730,16680,14060,0,0,0,0,0,0,0,0,0,0,0,0,0,0,0,0,0,0,0,0,0,0,0,0,0,0,0,0,0,0,0,0,0,0,0,0,0,0,0,0
...,10997,12072,10776,9853,12257,10394,11393,16540.1,18651.6,20093.3,23832.5,26409.9,24734.6,21778,24104.4,28846.3,29009.9,31749.2,35507.8,31830,36312.6,37451.8,42793.9,45476,44068.8,47051.8,44322.9,46169.4,54110.2,49849.5,55134.5,55689.5,57210.1,59840,65767.4,62097.4,69350.2,66345,71287.5,76368.9,69680.9,72766.3,65760.8,72156.2,68636.9,69354.5,75806.7,78570.2,80680,80710,0,0,0,0,0,0,0,0,0,0,0,0,0,0,0,0,0,0,0,0,0,0,0,0,0,0,0,0,0,0,0,0,0,0,0,0,0,0,0,0
...,53494.5,49825.6,55497,58962,45883.5,45657,56418.3,59641.8,60644.5,63337.8,64602,58868,66077,59650,73352,63051.9,79005.6,80608.5,63475.7,80312,79883,70771.7,90048,87552.8,95817.7,90779.4,85338.7,106369,110311,111517,112042,109001,120400,122640,115440,122500,123700,129055,134496,127465,139900,107730,132789,124697,137690,139137,144570,148770,133700,120620,0,0,0,0,0,0,0,0,0,0,0,0,0,0,0,0,0,0,0,0,0,0,0,0,0,0,0,0,0,0,0,0,0,0,0,0,0,0,0,0
...,18573,20753,19539,20227,16736,19193,21372.9,20560.7,21320.8,22992.8,19703.3,16949.1,23033.1,19806.1,23095.6,23365.7,24074.1,24408,21883.9,21391.6,24491.1,21329.4,26017.8,23007,19152,19531.2,20731.6,23100.1,25341.1,23590.7,17860.3,26785.6,21415.8,20577,19271.1,23384.5,19366.2,20329.3,18912.6,19054.2,20222.7,14988.4,23058.6,18820.2,18960.6,19197.1,21153.8,20495.9,17750,19520,0,0,0,0,0,0,0,0,0,0,0,0,0,0,0,0,0,0,0,0,0,0,0,0,0,0,0,0,0,0,0,0,0,0,0,0,0,0,0,0
...,12516,13545.63,13552,13970.65,12674.31,12607.8,14255.4,13631.98,14073.29,15655.8,16698.8,13733.62,16091.4,15626.29,17552.84,15477.9,16013.28,16867.5,16215.4,15162.3,18718.3,17671.4,18639.7,20597.1,19451.1,18524,19224.6,26525.2,28066.1,28292.4,28978.4,33328.3,33349.3,35005.7,36003.27,38276,36418.2,36653.3,33200.1,31885.7,31864.9,28023.4,36169.7,37092.7,42599,42986.8,51211.3,44228.4,44288.4,47098.1,0,0,0,0,0,0,0,0,0,0,0,0,0,0,0,0,0,0,0,0,0,0,0,0,0,0,0,0,0,0,0,0,0,0,0,0,0,0,0,0
...,110001,103967,91913,104225,122077,123990,92827,95500,124676,135024,126368,113570,124867,140805,144289,140604,153007,176965,151655,128833,154248,186358,189506,174076,170319,171681,186090,196737,203037,225569,241046,254000,228030,229670,275540,281100,277560,279542,310333,299324,295956,297208,287383,233862,237088,281172,355520,348188,285029,277750,0,0,0,0,0,0,0,0,0,0,0,0,0,0,0,0,0,0,0,0,0,0,0,0,0,0,0,0,0,0,0,0,0,0,0,0,0,0,0,0

JAPAN.commodity_prod'n_data,395.2,373.4,382.9,347.8,336.7,333.8,352.6,329.4,314.3,335.5,315,319.8,312.5,316.8,316.9,309.8,327.73,339.9,306.8,315.4,335.75,375.15,343.267,388.17,361.16,387.6,405.3,384.4,387.4,409.307,394.53,377.1,343.1,369.42,319.9,286.25,302.27,286.23,294.18,289.188,273.27,278.26,267.742,265.75,251.056,231.547,256.855,266.16,236.065,225.26,0,0,0,0,0,0,0,0,0,0,0,0,0,0,0,0,0,0,0,0,0,0,0,0,0,0,0,0,0,0,0,0,0,0,0,0,0,0,0,0
...,1781,1631,715.5,1244,1287,1024,996.9,1012,757.9,473.6,440.3,283.9,202.3,231.7,240.7,222.4,236.4,366.7,541.3,582.8,587.4,741.8,695.3,740.5,874.2,875.7,863.7,1021,984.5,951.5,759,758.7,637.8,564.8,443.6,478.1,573.1,569.5,583.1,688.2,699.9,827.8,855.9,860.3,874.7,837.2,910.1,881.2,674.2,571.3,0,0,0,0,0,0,0,0,0,0,0,0,0,0,0,0,0,0,0,0,0,0,0,0,0,0,0,0,0,0,0,0,0,0,0,0,0,0,0,0
...,16160.4,16927.1,16648.8,16356.1,16126.1,16564,18782,18779,18200,16493,14148,15450.5,15778,15964,17097,15288,17006,15736,14948,12189,12824,12838,12958,14848,14578,14559,13284,12419,12934,13124,12005,13216,9793,14976,13435,12930,12531,11200,11468.8,11863,11320,11111,9740,10912,11342,10695,10893,11028.8,10590,10600,0,0,0,0,0,0,0,0,0,0,0,0,0,0,0,0,0,0,0,0,0,0,0,0,0,0,0,0,0,0,0,0,0,0,0,0,0,0,0,0
...,2261.22,1973.45,2002.48,1395.48,1437.146,1264.3,1183.8,1155.8,914.91,662.31,592.51,411.21,290.52,302.82,273.12,250.82,245.43,373.47,444.57,416.408,409.68,418.483,405.594,422.314,402.263,369.4,377.9,426,398.4,372.8,305.155,310.396,306.09,246.017,242.828,259.825,215.4,163.8,230.6,244.613,234.7,245.498,228.065,221.294,216.905,209.488,221.595,240.998,195.031,191.13,0,0,0,0,0,0,0,0,0,0,0,0,0,0,0,0,0,0,0,0,0,0,0,0,0,0,0,0,0,0,0,0,0,0,0,0,0,0,0,0
...,825.56,746.38,588.71,521.21,507.91,446.99,419.18,369.7,319.85,290.97,266.45,268.03,238.34,252.7,223.67,201.41,205.19,285.06,293.44,273.14,326.82,306.94,330.1,322.25,301.75,324.239,365.544,330.74,326.01,274.912,248.92,239.873,140.39,157.7,173.27,207.7,176,183.8,214.438,262.417,314.698,295.373,255.28,185.547,247.463,250.2,246.5,282.1,251.2,239.7,0,0,0,0,0,0,0,0,0,0,0,0,0,0,0,0,0,0,0,0,0,0,0,0,0,0,0,0,0,0,0,0,0,0,0,0,0,0,0,0
...,2583.3,3236.8,2842.6,4280.1,4507.2,4234.6,4814.1,4827.8,4735.9,4995,4103.1,4818.4,4996.6,3701,3732,4150,4661,5428,5655,5645,5592,6364,5903,6593,6559,6102,6201,6109.51,6347.93,5976.57,6008.78,5360,5028,5455,5435,4911,5122,5828,5358,5068,5295,5426,5550,5843,5415,5233,5797,5846,5164,4558.04,0,0,0,0,0,0,0,0,0,0,0,0,0,0,0,0,0,0,0,0,0,0,0,0,0,0,0,0,0,0,0,0,0,0,0,0,0,0,0,0

MEAS_Nafr.commodity_prod'n_data,1815.92,2488.687,2410.801,2399.876,2535.616,2659.285,2595.978,2756.899,2875.399,2795.809,2836.941,2878.663,2856.403,3189.97,3345.411,3796.619,3184.636,3773.79,3479.524,3803.612,3612.243,3806.767,3996.604,4189.341,4284.155,4240.243,4176.461,4801.658,5423.552,5913.747,6276.733,6143.935,5998.074,6337.84,5586.859,6584.661,7679.697,8088.893,7902.716,8147.186,7830.321,8719.32,8969.016,9219.513,9964.752,9719.815,9628.563,10252.06,10309.72,9876.926,0,0,0,0,0,0,0,0,0,0,0,0,0,0,0,0,0,0,0,0,0,0,0,0,0,0,0,0,0,0,0,0,0,0,0,0,0,0,0,0
...,8253.115,10871.36,9866.744,10003.64,11408.02,10184.87,11014.87,13284.44,11433.01,11815.46,11787.96,16082.67,12267.84,14247.11,14949.98,16350.64,12585.94,14407.14,13981.50,15742.43,14337.29,16187.61,15318.91,14985.73,19409.56,20963.69,21024.67,22008.88,20332.92,25360.38,30100.01,28669.42,28470.86,30254.42,27799.46,33850.01,26186.9,33661.98,25971.54,23464.98,30541.10,34812.81,40771.88,41472.66,39746.65,43461.63,38082.10,27663.17,40223.28,38830.65,0,0,0,0,0,0,0,0,0,0,0,0,0,0,0,0,0,0,0,0,0,0,0,0,0,0,0,0,0,0,0,0,0,0,0,0,0,0,0,0
...,1838.265,3030.311,3253.261,3177.064,3022.264,2993.567,3590.094,3982.222,3962.137,3886.558,3892.623,3991.6,3778.707,3641.327,3950.208,4050.276,3897.129,4073.086,3937.598,3889.668,4042.87,4214,3773.36,3834.96,4239.32,4391.95,4455.53,3725.88,4770.8,5382.237,6019.719,6473.402,6702.591,7296.308,7409.273,7905.284,8106.47,7564.95,8380.165,8057.468,7384.782,9270.323,9214.638,9174.657,9214.318,9764.553,9967.601,9730.401,7997.291,6824.219,0,0,0,0,0,0,0,0,0,0,0,0,0,0,0,0,0,0,0,0,0,0,0,0,0,0,0,0,0,0,0,0,0,0,0,0,0,0,0,0
...,5315.036,7582.219,7681.433,6644.678,7296.956,5513.411,7087.099,9267.322,7862.741,7073.305,7165.649,8348.472,5695.755,7320.053,7801.997,9357.23,5682.248,7655.151,6998.174,9011.794,8188.854,8567.856,7636.255,6783.467,10396.07,11346.08,8864.622,13747.43,10013.92,11981.47,12710.57,11302.62,11490.11,13580.61,9764.311,14478.11,8143.671,10450.77,7603.106,5303.192,9186.386,9389.56,11214.89,10844.09,9177.736,11624.50,9595.498,6383.055,13764.96,11649.6,0,0,0,0,0,0,0,0,0,0,0,0,0,0,0,0,0,0,0,0,0,0,0,0,0,0,0,0,0,0,0,0,0,0,0,0,0,0,0,0
...,2114.005,2227.339,2638.178,2800.253,2831.811,2334.709,2489.997,2877.495,2666.739,2810.007,3530.721,3045.705,3176.451,3322.626,3446.034,3224.188,2990.89,3142.971,3193.376,3648.131,3144.936,3629.109,3521.169,3343.71,3459.894,3807.514,3397.645,3531.292,3544.349,4183.309,4311.59,4389.991,4521.118,4052.368,3756.483,6407.186,4860.273,5605.062,5420.481,5192.675,4464.523,5103.541,5951.606,6330.322,6220.057,6741.88,5714.949,6169.2,6100.466,7251.225,0,0,0,0,0,0,0,0,0,0,0,0,0,0,0,0,0,0,0,0,0,0,0,0,0,0,0,0,0,0,0,0,0,0,0,0,0,0,0,0
...,5633.632,6497.461,7058.152,6975.784,7338.218,9116.894,9594.688,11377.06,12489.28,12849.86,14414.59,14792.76,14299.19,14748.43,16296.91,18012.45,16341.53,16456.71,17542.13,17178.29,17664.48,19086.44,19145.07,20328.06,20535.54,23190.40,19818.55,21322.73,21741.69,21993.45,24147.94,26045.39,26231.12,27858.96,28154.93,25567.88,26866.58,29062.39,32072.84,31229.71,31526.8,34523.74,35395.99,35284.72,35439.79,37270.88,38028.73,31531.62,30016.22,37760.95,0,0,0,0,0,0,0,0,0,0,0,0,0,0,0,0,0,0,0,0,0,0,0,0,0,0,0,0,0,0,0,0,0,0,0,0,0,0,0,0

Mala_Indo.commodity_prod'n_data,2691.1,3670.9,2812.8,4240.6,2854.5,4227.339,2901.75,3736.352,2877.436,3422.428,3212.573,2877.38,4328.319,3672.037,3570.208,2897.02,3467.01,4274.1,3896.54,4336.94,4789.3,3521.83,5391.88,5465.83,4514.5,6107.37,5405.68,7008.92,6558.51,7107.03,6590.91,8311.46,6760.74,7175.88,8538.9,9588.42,9042.85,10473.5,9491.04,9982,9648.2,9896.28,11231.4,11577.2,12911.9,11979.5,13651.58,16691.86,18000.89,18738.72,0,0,0,0,0,0,0,0,0,0,0,0,0,0,0,0,0,0,0,0,0,0,0,0,0,0,0,0,0,0,0,0,0,0,0,0,0,0,0,0
...,0,0,0,0,0,0,0,0,0,0,0,0,0,0,0,0,0,0,0,0,0,0,0,0,0,0,0,0,0,0,0,0,0,0,0,0,0,0,0,0,0,0,0,0,0,0,0,0,0,0,0,0,0,0,0,0,0,0,0,0,0,0,0,0,0,0,0,0,0,0,0,0,0,0,0,0,0,0,0,0,0,0,0,0,0,0,0,0,0,0
...,13173.08,14129.34,12785.21,13415.78,14230.61,14876.68,14427.07,18596.75,19610.8,21012.42,22006.92,21230.92,23469.44,24568,24336.2,25295.9,25245.1,27269.6,28377.7,31696.5,34794.1,35467.3,37037.33,39708.07,40778.27,41445.02,41704.9,43372.44,46469.04,47063.78,46614.55,50252.73,50285.55,48780.29,51871.37,53329.99,51496.72,51180.94,52903.04,54038.8,52555.8,53687.05,54394.6,56352.5,56465.1,56641.9,59532.4,62604.1,66858.9,68959.5,0,0,0,0,0,0,0,0,0,0,0,0,0,0,0,0,0,0,0,0,0,0,0,0,0,0,0,0,0,0,0,0,0,0,0,0,0,0,0,0
...,0,0,0,0,0,0,0,0,0,0,0,0,0,0,0,0,0,0,0,0,0,0,0,0,0,0,0,0,0,0,0,0,0,0,0,0,0,0,0,0,0,0,0,0,0,0,0,0,0,0,0,0,0,0,0,0,0,0,0,0,0,0,0,0,0,0,0,0,0,0,0,0,0,0,0,0,0,0,0,0,0,0,0,0,0,0,0,0,0,0
...,9464.094,9334.909,9275.341,9321.683,9423.149,9646.905,10235.52,11060.81,11733.61,12804.83,14306.47,14921.96,15790.11,17889.32,20268.38,21313.2,22979.26,25855.57,28483.95,31631.47,34791.91,38667.51,36065.3,44056.7,47942.14,52269.86,53481.2,59387.1,66418.23,69148.87,71485.53,75800.9,88279.07,90767.82,98465.8,103076.8,109995.9,108617.7,127184.2,133952.8,143490.3,151406.5,168394.6,182531.2,206476.1,219076.1,220251.3,235617.8,242390.0,241696.2,0,0,0,0,0,0,0,0,0,0,0,0,0,0,0,0,0,0,0,0,0,0,0,0,0,0,0,0,0,0,0,0,0,0,0,0,0,0,0,0
...,11218.2,10512.1,9271.5,11283.4,11560.8,9901.9,10574.7,9246.3,10389.1,10167.9,11685.9,12237.6,11561.8,14375.5,14180.2,15184.5,15746.3,20492,20283,18053.3,23191.8,22989.1,25685.5,24277.1,23921.2,26047.4,27567.7,29335.4,28268.3,29519.6,29603,33570,34816.34,34647.95,30830.2,31270.06,29543.83,29756.09,25305,25705,26990,27335,25705,27905,30455,30405,26064.99,26498.48,26996.81,26735.41,0,0,0,0,0,0,0,0,0,0,0,0,0,0,0,0,0,0,0,0,0,0,0,0,0,0,0,0,0,0,0,0,0,0,0,0,0,0,0,0

Oceania.commodity_prod'n_data,248.119,282.207,293.036,282.26,293.588,244.596,315.131,335.24,315.508,379.409,446.762,466.503,405.261,356.924,453.957,466.886,527.663,508.755,539.227,514.181,541.973,593.969,508.904,614.735,704.477,706.91,637.246,622.259,635.711,662.528,668.656,722.837,633.253,685.749,789.413,933.582,977.366,850.042,917.566,972.258,905.995,953.275,856.701,953.173,998.355,985.363,796.941,971.373,996.374,904.726,0,0,0,0,0,0,0,0,0,0,0,0,0,0,0,0,0,0,0,0,0,0,0,0,0,0,0,0,0,0,0,0,0,0,0,0,0,0,0,0
...,6980.639,8566.243,9173.748,10311.09,7317.48,12991.18,7894.6,15246.52,11004.93,8177.232,8931.666,6978.713,12363.18,11571.65,12161.95,12188.23,9724.429,18418.82,16483.10,11186.02,16776.98,9250.202,22505.21,19172.8,16530.83,16737.27,12836.06,14340.05,14509.55,15437.53,10913.55,15208.08,16960.73,9385.044,17217.78,24652.87,20174.05,23118.18,25841.01,23275.01,25523.04,10760.51,27278.52,22834.17,26167.96,11282.67,14363.85,22126.38,22604.47,23084.9,0,0,0,0,0,0,0,0,0,0,0,0,0,0,0,0,0,0,0,0,0,0,0,0,0,0,0,0,0,0,0,0,0,0,0,0,0,0,0,0
...,142.566,163.281,163.794,165.751,174.113,203.143,237.409,249.136,287.533,274.057,323.644,268.278,327.108,428.72,412.983,443.184,555.565,514.544,721.907,645.867,791.25,888.435,546.331,664.078,898.218,718.409,573.167,793.837,837.517,952.124,817.452,1146.213,978.865,1101.739,1157.36,970.237,1407.418,1337.962,1411.065,1119.166,1660.576,1207.791,456.452,570.862,357.964,1019.862,181.549,33.282,82.229,218.492,0,0,0,0,0,0,0,0,0,0,0,0,0,0,0,0,0,0,0,0,0,0,0,0,0,0,0,0,0,0,0,0,0,0,0,0,0,0,0,0
...,2271.403,2586.362,2677.611,2812.207,2440.856,3741.892,2088.916,3967.281,3583.958,4810.824,6046.508,4120.655,4905.082,4817.428,5605.404,5447.829,4719.958,6893.257,6634.241,5055.188,6645.217,4581.491,8636.791,9522.777,8266.326,7301.642,7133.323,7215.07,7378.07,7174.564,7481.065,9236.696,9363.089,5442.254,9385.752,10413.74,10065.92,9315.005,8479.221,10341.92,12132.01,7413.519,14347.31,11448.14,13575.05,7317.052,10405.58,13477.48,12347.80,10711.09,0,0,0,0,0,0,0,0,0,0,0,0,0,0,0,0,0,0,0,0,0,0,0,0,0,0,0,0,0,0,0,0,0,0,0,0,0,0,0,0
...,1976.827,1963.619,2082.643,2144.931,1979.991,2081.539,2020.404,2021.826,2245.392,2200.031,2334.82,2381.901,2287.297,2432.994,2520.397,2546.28,2798.191,3051.754,3137.682,3109.403,3177.414,3322.666,3215.901,3847.687,4473.354,4344.917,3943.958,3829.896,3683.553,3739.747,3943.6,4394.39,4450.978,4172.008,4646.964,5271.415,5757.035,6736.74,7761.766,7222.605,6572.32,5673.597,5864.877,6085.372,6547.988,5790.341,6113.143,7159.666,7835.333,8203.63,0,0,0,0,0,0,0,0,0,0,0,0,0,0,0,0,0,0,0,0,0,0,0,0,0,0,0,0,0,0,0,0,0,0,0,0,0,0,0,0
...,10905.28,14802.28,14696.08,17678.05,16597.19,19189.58,19232.18,21589.55,18171.17,20541.03,21946.16,21177.31,21784.37,22579.93,24130.57,25638.35,26179.15,24322.26,25226.65,27348.46,29131.55,29150.90,26720.75,30066.85,27712.25,29004.65,28024.71,30625.11,31307.04,28638.64,25059.16,24526.84,32005.84,35679.16,39456.08,41587.84,43719.84,43730.07,43879.06,42148.96,31646.06,35068.06,40260.16,40409.56,41019.26,40643.06,39233.06,35265.16,32696.06,33531.06,0,0,0,0,0,0,0,0,0,0,0,0,0,0,0,0,0,0,0,0,0,0,0,0,0,0,0,0,0,0,0,0,0,0,0,0,0,0,0,0

Oth_CEE_CIS.commodity_prod'n_data,5725.104,6197.919,6564.141,8132.231,7024.66,9205.648,8512.131,8032.547,9028.343,8200.449,8802.23,9196,9564.6,9464,10859.7,10696,11455,9225,11800.75,10833.7,11317.8,12838.6,12565,13132.3,12074.9,15173,11572,9937,11721.03,9050.98,13865.78,14146.64,15562.12,12390.94,15575.20,14138.25,20623.35,15200.73,16138.67,13698.51,17596.1,18434.15,19159.13,25639.45,25510.71,22660.08,19904.61,29550.98,28143.10,30486.8,0,0,0,0,0,0,0,0,0,0,0,0,0,0,0,0,0,0,0,0,0,0,0,0,0,0,0,0,0,0,0,0,0,0,0,0,0,0,0,0
...,10406.8,12240.41,14341.76,12267.21,12211.73,14464.08,15096.26,14169.18,15715.18,14099.58,19458.43,17404,15164,17693,19543.8,23041.8,22805.1,22609,22571.93,22140.9,21808.7,23284.2,22545,23430,22493.54,24384.21,24870,27460.47,22432.58,26993.6,27315.54,65553.75,64793.17,50221.34,52151.32,49705.78,59937.07,55254.52,55866.97,54308.2,68897.3,70945.5,50138.5,67861.37,70646.65,66326.93,66197,77231.26,81132.22,66026.06,0,0,0,0,0,0,0,0,0,0,0,0,0,0,0,0,0,0,0,0,0,0,0,0,0,0,0,0,0,0,0,0,0,0,0,0,0,0,0,0
...,257.503,303.883,249.135,200.173,251.525,283.524,264.754,235.607,253.396,313.624,338.46,246.3,312.168,293,300.6,300.286,325.773,365.942,424.92,293.3,385.9,403.9,368,328.783,318.183,333.626,334.7,306.838,365.926,264.586,239.784,1443.727,1364.618,1185.913,909.247,1139.75,1102.336,1060.253,1152.82,977.838,817.085,986.1,1278.991,1232.187,1369.649,1525.891,1447.258,1420.704,1625.179,1860.534,0,0,0,0,0,0,0,0,0,0,0,0,0,0,0,0,0,0,0,0,0,0,0,0,0,0,0,0,0,0,0,0,0,0,0,0,0,0,0,0
...,5662.315,6132.069,7273.49,5961.432,6239.97,6933.638,6828.658,6174.163,6397.749,5549.858,6894.321,6165.251,5460.086,5907.553,7199.301,7488.74,7218.449,7017.314,7567.66,7699.4,8163.2,8441,7372.539,8514.027,8451.558,8929.113,8607.889,9182.745,6121.496,8954.553,9435.39,40750.73,43904.6,39888.78,30449.09,26189.90,29240.88,24512.82,23597.72,25088.50,30183.11,30698.30,25345.50,32413.45,29032.89,31014.06,24206.9,31284.96,31558.34,24810.4,0,0,0,0,0,0,0,0,0,0,0,0,0,0,0,0,0,0,0,0,0,0,0,0,0,0,0,0,0,0,0,0,0,0,0,0,0,0,0,0
...,1495.756,1146.524,1629.208,1886.982,1571.655,2169.59,1868.931,2291.565,1885.888,2170.151,2235.186,2956.07,2391.485,2767.402,2383.337,3045.084,2641.302,3269.052,2731.957,3503.901,2486.508,3401.816,2694.687,3247.833,3123.592,3991.073,3883.292,4314.666,3799.349,3989.525,3357.726,10335.30,9649.361,9745.426,10717.67,10195.34,9237.186,10340.42,11026.44,12147.66,10165.63,12497.82,12715.00,13619.53,15293.21,17281.79,14941.07,20602.77,18901.96,20110.48,0,0,0,0,0,0,0,0,0,0,0,0,0,0,0,0,0,0,0,0,0,0,0,0,0,0,0,0,0,0,0,0,0,0,0,0,0,0,0,0
...,4690.12,4680.298,6044.592,7670.817,6131.435,8584.665,9071.135,7747.874,7093.352,7317.71,9043.469,9320.51,8595.22,10146.82,11311.55,14256.66,14396.91,14143.82,14995.87,12257.12,17693.5,18722.7,18755.6,18220.31,16326.42,16454.55,19147.3,16217.36,17987.82,20136.93,21903.96,52221.51,56379.76,47266.98,47158.5,44537.31,42756.72,44828.76,38260.43,37190.13,34714.65,37848.27,32707.74,39385.31,40124.36,47837.59,39335.44,38217.32,36380.01,41707.29,0,0,0,0,0,0,0,0,0,0,0,0,0,0,0,0,0,0,0,0,0,0,0,0,0,0,0,0,0,0,0,0,0,0,0,0,0,0,0,0

R_Europe.commodity_prod'n_data,8.3,12.8,12.8,19.1,18.4,19.4,21.6,24.3,39.4,54.5,90.3,72.4,134.9,127.9,140.9,114.5,110.8,105,134.4,91.3,138.6,172.7,138.6,126.1,157.2,173.8,143.7,255.8,255.6,232.9,227.3,192.5,192.7,257.2,224.9,202.5,193.5,194.7,198.3,219,224.64,195.361,91.241,182.431,200.603,154.271,179.614,172.891,176.202,145.222,0,0,0,0,0,0,0,0,0,0,0,0,0,0,0,0,0,0,0,0,0,0,0,0,0,0,0,0,0,0,0,0,0,0,0,0,0,0,0,0
...,343.4,439.8,320.4,408.6,364.2,351.845,436.183,432.465,390.011,359.401,388.431,421.296,364.933,473.495,407.319,464.868,401.298,487.606,489.801,459.4,466.3,509.7,542.4,767.2,724.2,663.2,744.3,767.9,852.6,841.706,893.298,772.849,1002.018,894.96,977.189,985.809,898.545,1004.7,783.6,971.1,843.1,872.581,853.077,1029,995,965.285,1002.8,1060.251,883.726,874.894,0,0,0,0,0,0,0,0,0,0,0,0,0,0,0,0,0,0,0,0,0,0,0,0,0,0,0,0,0,0,0,0,0,0,0,0,0,0,0,0
...,0,0,0,0,0,0,0,0,0,0,0,0,0,0,0,0,0,0,0,0,0,0,0,0,0,0,0,0,0,0,0,0,0,0,0,0,0,0,0,0,0,0,0,0,0,0,0,0,0,0,0,0,0,0,0,0,0,0,0,0,0,0,0,0,0,0,0,0,0,0,0,0,0,0,0,0,0,0,0,0,0,0,0,0,0,0,0,0,0,0
...,802.953,720.2,780.236,834.551,788.899,698.894,838.533,1015.86,852.786,1045.795,1128.347,1055.237,1162.156,1354.691,974.345,1062.325,1255.787,1368.044,1355.206,1389.3,1391.7,1447.16,1291.05,1632.1,1475.1,1232.01,1336.019,1285.792,1482.1,1761.25,1674.576,1257.822,1500.064,1368.18,1305.653,1504.42,1419.352,1421.6,1291.7,1315.523,1246.509,1176.66,1190.737,1323.666,1161.047,1064.691,1033.9,1157.594,1002.919,1050.189,0,0,0,0,0,0,0,0,0,0,0,0,0,0,0,0,0,0,0,0,0,0,0,0,0,0,0,0,0,0,0,0,0,0,0,0,0,0,0,0
...,10.1,13.985,14.192,16.332,19.2,18.83,32.107,38.039,23.211,23.773,26.008,26.212,26.917,34.698,25.359,32.338,31.044,36.117,39.204,43.55,44.699,49.923,43.968,61.554,51.685,50.744,60.07,60.995,66.425,55.151,59.984,57.029,68.8,52.733,63.91,63.32,73.154,72.171,61.267,63.538,73.113,88.24,79.991,92.104,89.127,83.749,86.297,86.497,88.659,92.576,0,0,0,0,0,0,0,0,0,0,0,0,0,0,0,0,0,0,0,0,0,0,0,0,0,0,0,0,0,0,0,0,0,0,0,0,0,0,0,0
...,223.7,167.8,296.9,361.7,297.6,366,423.4,453,392.3,379.2,472.2,395.7,539.5,518.4,479.5,587.031,544.9,633.7,781.4,675,902,836,832,860,788.9,761.3,823.874,922.479,888.251,873.885,896.446,907.27,976.439,841.404,823.955,1142.2,1180.03,1124.64,1186.18,1408.45,1050.2,1407.91,1257.31,1455.81,1409.36,1242.73,1572.93,1625.22,1719.71,1302.06,0,0,0,0,0,0,0,0,0,0,0,0,0,0,0,0,0,0,0,0,0,0,0,0,0,0,0,0,0,0,0,0,0,0,0,0,0,0,0,0

R_SE_Asia.commodity_prod'n_data,2430.44,2518.585,2706.477,2871.031,2957.344,3109.274,3359.453,3594.817,4215.115,4450.722,4795.791,3610.195,5091.78,5530.097,6061.459,6053.478,5128.52,6545.908,6664.356,6918.115,7575.166,6979.188,7845.958,8673.614,9912.18,9450.044,8024.392,10317.56,10168.16,9753.843,9615.501,9548.219,9535.341,9891.34,10117.73,11099.35,10552.53,10767.8,11414.20,11888.48,12358.27,12304.72,13471.02,14804.25,14998.44,16038.75,17601.31,19024.26,19708.72,19592.22,0,0,0,0,0,0,0,0,0,0,0,0,0,0,0,0,0,0,0,0,0,0,0,0,0,0,0,0,0,0,0,0,0,0,0,0,0,0,0,0
...,7.436,14.811,32.435,54.168,71.773,96.277,66.79,51.149,25.846,33.42,40.099,26.904,26.695,24.654,63.57,56.556,76.393,93.692,41.64,90.852,116.763,123.913,130.041,213.557,206.272,190.144,192.155,157.196,130.492,124.625,123.865,143.966,139.283,109.299,89.74,78.66,91.75,92.767,115.778,93.8,94.818,106.799,122.822,150.862,156.901,141,156.079,171.076,180.081,183,0,0,0,0,0,0,0,0,0,0,0,0,0,0,0,0,0,0,0,0,0,0,0,0,0,0,0,0,0,0,0,0,0,0,0,0,0,0,0,0
...,32836.26,35198.26,36579.3,37308.27,35913.92,35839.09,36005.31,37292.8,39091.83,42500.18,41249.07,37891.49,41743.91,40180.45,42938.22,44549.28,42957.45,46755.46,46691.15,52782.24,54926,57252.55,59053.48,60121.15,62509.56,61828.83,58774.44,63943.49,66980.68,64314.2,66590.96,69637.46,72250.55,77221.57,80389.53,82562.25,84136.63,83448.86,93655.9,98365.79,101500.9,103807.7,107840.5,110857.8,117024.7,120726.4,125232.3,129995.9,130867.5,131927.9,0,0,0,0,0,0,0,0,0,0,0,0,0,0,0,0,0,0,0,0,0,0,0,0,0,0,0,0,0,0,0,0,0,0,0,0,0,0,0,0
...,60.944,77.524,83.454,69.839,126.527,180.163,103.89,128.396,139.598,137.849,221.219,160.188,197.029,331.896,304.721,231.44,246.7,331.381,323.972,371.255,400.248,360.296,641.193,575.952,661.644,483.591,371.104,359.35,375.355,394.592,401.788,424.9798,397.6998,405.099,405.0204,440.8754,392.215,361.3288,387.906,398.417,399.894,420.082,460.567,432.5594,491.4518,413.387,410.328,413.605,405.4506,409.264,0,0,0,0,0,0,0,0,0,0,0,0,0,0,0,0,0,0,0,0,0,0,0,0,0,0,0,0,0,0,0,0,0,0,0,0,0,0,0,0
...,7076.928,8583.897,9527.737,8858.915,8710.01,9528.41,8200.386,8128.6,7186.476,7676.809,9509.37,11226.45,9859.59,8124.19,11504.41,13953.79,12789.01,12912.24,11098.42,11706.32,12943.03,12847.29,12475.58,10437.55,13754.54,16702.11,16141.08,13979.92,14186.77,17361.72,15255.12,16089.64,18799.80,18695.34,20341.04,20871.83,22346.91,21077.56,21727.13,22874.53,24485.09,25543.28,27271.26,28079.96,28470.05,30927.48,30696.43,34843.93,33988.88,33224.51,0,0,0,0,0,0,0,0,0,0,0,0,0,0,0,0,0,0,0,0,0,0,0,0,0,0,0,0,0,0,0,0,0,0,0,0,0,0,0,0
...,21968.62,24209.87,25518.05,27618.59,28348.49,25642.3,27251.23,27188.71,29038.21,34201.2,37097.43,33928.54,41104.41,51635.58,53911.74,63535.43,65644.2,54285.48,57996.05,49687.29,57609.11,73654.81,62923.81,68742.32,57585.87,54295.31,51059.31,56240.66,70198.3,66933.81,74195.99,85647.82,78803.93,74800.24,89402.12,100456.2,100892.4,92894.55,97835.06,100110.0,98877.75,111692.6,129775.3,122045.4,103694.1,104703.7,124430.2,134729.7,125803.8,129649.1,0,0,0,0,0,0,0,0,0,0,0,0,0,0,0,0,0,0,0,0,0,0,0,0,0,0,0,0,0,0,0,0,0,0,0,0,0,0,0,0

R_S_Asia.commodity_prod'n_data,2095.214,2088.862,2153.955,2167.137,2182.478,2199.46,2381.885,2238.033,2327.938,2297.533,2212.508,2330.567,2431.373,2437.075,2429.649,2461.771,2414.304,2415.798,2309.385,2565.424,2487.072,2490.909,2526.337,2571.174,2569.673,2663.593,2636.975,2842.525,2903.332,2972.194,2901.658,2845.629,2977.389,3185.485,3443.639,3297.718,3247.237,3484.234,3343.442,3262.664,3461.664,3731.011,3873.207,5152.075,5632.738,5830.659,6828.359,7279.775,6412.824,6601.751,0,0,0,0,0,0,0,0,0,0,0,0,0,0,0,0,0,0,0,0,0,0,0,0,0,0,0,0,0,0,0,0,0,0,0,0,0,0,0,0
...,6265.512,6487.724,6304.482,6570.344,7037.944,6137.2,6832.7,9041.857,9404.48,9750.77,8702.45,9685.856,10553.03,10805.02,10978.37,12239.49,12424.98,11947.47,13530.46,14677.70,15523.6,15198.52,16483.4,14932.8,15792.35,17498.83,16115.93,16371.82,18075.3,17715.46,18136.26,19166.21,20044.13,19302.89,21174.39,21606.46,21907.6,24351.59,23371.08,25575.48,23456.07,23781.13,25518.96,24534.56,28308.03,26778.03,30039.72,26003.7,31294.39,30305.33,0,0,0,0,0,0,0,0,0,0,0,0,0,0,0,0,0,0,0,0,0,0,0,0,0,0,0,0,0,0,0,0,0,0,0,0,0,0,0,0
...,19503.22,18442.01,21235.81,21473.65,21117.66,19777.05,22721.58,24047.3,25677.49,24345.43,22425.91,22399.81,25742.15,24924.33,27313.69,25873.37,28288.63,29201.97,28404.35,30574.91,30827.28,30902.4,32420.76,32435.43,32779.4,33699.2,33480.61,34262.76,37430.76,38097.42,38108.68,37325.85,39344.59,36270.62,39177.47,40804.26,40984.95,43619.41,49194.09,52212.07,49233.77,51728.22,53315.4,51374.24,56205.21,57094.39,58964.37,66033.65,66935.58,65648.14,0,0,0,0,0,0,0,0,0,0,0,0,0,0,0,0,0,0,0,0,0,0,0,0,0,0,0,0,0,0,0,0,0,0,0,0,0,0,0,0
...,1301.877,1367.549,1297.604,1416.374,1406.196,1372.096,1405.294,1338.664,1337.365,1447.148,1404.454,1349.354,1493.971,1350.841,1415.905,1403.882,1307.561,1296.502,1235.293,1146.457,1231.714,1127.741,1262.565,1226.956,1177.619,1157.09,968.999,1134.751,1195.952,1170.075,1107.291,1166.031,1179.704,1278.689,1165.566,1189.795,1271.976,1284.564,1153.938,970.881,996.101,1206.447,1224.621,1138.889,1188.453,1245.004,1320.928,1256.844,1380.643,1380.098,0,0,0,0,0,0,0,0,0,0,0,0,0,0,0,0,0,0,0,0,0,0,0,0,0,0,0,0,0,0,0,0,0,0,0,0,0,0,0,0
...,3260.978,3580.81,3707.157,3657.679,3577.72,3363.336,3704.155,3921.688,3869.46,3849.174,4306.491,4450.094,3717.524,3773.568,3962.973,3631.662,3534.441,3606.023,4342.561,4006.81,4275.083,4643.53,3849.633,4577.377,5734.878,6145.425,5779.322,5497.751,6014.529,6403.925,7249.158,6101.17,5676.025,6241.248,7086.837,6561.458,6661.896,6432.897,7569.044,7524.293,7296.038,6861.86,7003.027,8824.024,8272.495,8091.122,7801.22,8012.56,8064.449,7733.543,0,0,0,0,0,0,0,0,0,0,0,0,0,0,0,0,0,0,0,0,0,0,0,0,0,0,0,0,0,0,0,0,0,0,0,0,0,0,0,0
...,16362.98,19554.93,24058.38,22404.42,25817.85,30900.67,31109.44,27388.96,30590.56,35371.98,32295.58,27069.85,26524.51,31569.72,29398.60,32906.97,37666.89,38493.62,35905.76,35833.25,40791.51,45567.46,41594.39,43244.51,40747.04,36365.48,52522.15,42721.35,46073.75,45424.2,46287.27,48989.7,48324.05,55097.76,57944.32,55991.28,53066.16,63604.31,65646.23,56914.68,54143.13,58400.94,62817.94,64244.37,57551.83,54342.94,64415.51,72644.29,59057.37,58652.36,0,0,0,0,0,0,0,0,0,0,0,0,0,0,0,0,0,0,0,0,0,0,0,0,0,0,0,0,0,0,0,0,0,0,0,0,0,0,0,0

Russia.commodity_prod'n_data,0,0,0,0,0,0,0,0,0,0,0,0,0,0,0,0,0,0,0,0,0,0,0,0,0,0,0,0,0,0,0,2135.21,2441.08,892,1738.5,1088.16,2674.6,820.58,1069.17,1530.29,847.22,1562.89,2121.9,3515.69,3210.77,3510.35,3798.02,6682.3,3963.43,3084.35,0,0,0,0,0,0,0,0,0,0,0,0,0,0,0,0,0,0,0,0,0,0,0,0,0,0,0,0,0,0,0,0,0,0,0,0,0,0,0,0
...,0,0,0,0,0,0,0,0,0,0,0,0,0,0,0,0,0,0,0,0,0,0,0,0,0,0,0,0,0,0,0,46166.7,43546.6,32128.6,30118.7,34916.7,44257.7,27011.9,30995.2,34455.5,46982.1,50609.1,34104.3,45412.7,47697.5,44926.9,49368,63765.1,62248.26,41756.75,0,0,0,0,0,0,0,0,0,0,0,0,0,0,0,0,0,0,0,0,0,0,0,0,0,0,0,0,0,0,0,0,0,0,0,0,0,0,0,0
...,0,0,0,0,0,0,0,0,0,0,0,0,0,0,0,0,0,0,0,0,0,0,0,0,0,0,0,0,0,0,0,753.63,687.52,523.2,461.9,389.06,328.19,412.75,444,585.75,497.12,489.99,450.84,471.06,574.61,680.61,704.544,738.3,912.97,1060.66,0,0,0,0,0,0,0,0,0,0,0,0,0,0,0,0,0,0,0,0,0,0,0,0,0,0,0,0,0,0,0,0,0,0,0,0,0,0,0,0
...,0,0,0,0,0,0,0,0,0,0,0,0,0,0,0,0,0,0,0,0,0,0,0,0,0,0,0,0,0,0,0,54738.22,49550.01,45100.42,29582.9,31195.57,39540.33,18691.85,21336.94,27754.75,35071.96,32197.36,28884.62,26831.89,25080.69,27376.70,26337.00,35232.2,28491.36,13722.52,0,0,0,0,0,0,0,0,0,0,0,0,0,0,0,0,0,0,0,0,0,0,0,0,0,0,0,0,0,0,0,0,0,0,0,0,0,0,0,0
...,0,0,0,0,0,0,0,0,0,0,0,0,0,0,0,0,0,0,0,0,0,0,0,0,0,0,0,0,0,0,0,3916.52,3510.56,3211.1,4735.723,3289.1,3305.95,3532.716,4691.333,4507.76,3237.63,4299.21,5601.07,5749.51,7559.46,8222.943,7044.263,8978.831,8194.72,7461.941,0,0,0,0,0,0,0,0,0,0,0,0,0,0,0,0,0,0,0,0,0,0,0,0,0,0,0,0,0,0,0,0,0,0,0,0,0,0,0,0
...,0,0,0,0,0,0,0,0,0,0,0,0,0,0,0,0,0,0,0,0,0,0,0,0,0,0,0,0,0,0,0,25547.7,25467.9,13945.5,19071.6,16166.5,13879.9,10797.6,15227.2,14053.5,14555.7,15664.8,19383.7,21848.3,21420.1,30672.9,28836.2,28995.3,24892,22255.9,0,0,0,0,0,0,0,0,0,0,0,0,0,0,0,0,0,0,0,0,0,0,0,0,0,0,0,0,0,0,0,0,0,0,0,0,0,0,0,0

S_S_AFR.commodity_prod'n_data,15090.42,15840.13,16034.28,14542.03,15146.34,16047.64,21940.76,17038.24,18169.52,18102.57,22008.83,22943.23,16836.07,24715.72,24302.51,23926.43,25319.91,25129.76,22391.67,25411.72,30679,24341.72,19686.54,20680.88,27839.07,30087.20,28875.36,33289.8,37972.87,33723.66,32731.12,24524.81,36666.00,39829.71,31973.27,40286.25,37972.76,35403.62,38000.05,39635.1,37016.13,39638.48,40409.1,41197.37,44372.86,44243.61,42494.78,50008.82,52478.95,58582.94,0,0,0,0,0,0,0,0,0,0,0,0,0,0,0,0,0,0,0,0,0,0,0,0,0,0,0,0,0,0,0,0,0,0,0,0,0,0,0,0
...,1781.474,1607.441,1834.266,2029.268,1733.538,1647.562,2238.92,2519.279,2667.805,2779.67,3156.801,3178.023,3072.533,2967.103,3227.219,3568.356,3308.384,3015.091,3302.062,2852.139,3786.519,3894.749,3435.33,3603.052,3181.735,4106.512,4853.52,5324.591,3878.671,3808.567,4435.401,3556.263,4059.865,3941.582,4150.638,5273.849,5002.106,4553.902,3903.742,4597.172,5249.225,4952.309,4384.567,5258.722,5673.812,6533.667,5795.765,5989.253,6479.756,5935.078,0,0,0,0,0,0,0,0,0,0,0,0,0,0,0,0,0,0,0,0,0,0,0,0,0,0,0,0,0,0,0,0,0,0,0,0,0,0,0,0
...,3143.328,3518.664,3568.469,3768.818,3657.886,3850.15,4309.969,4333.051,4518.003,4640.356,4826.254,4779.461,5061.288,5432.458,5645.502,5516.64,5683.123,5820.813,5957.762,6195.598,6317.49,6511.327,6656.099,6887.579,7304.678,7642.686,8029.082,8554.552,10398.94,9524.729,10247.28,10072.88,10335.68,9522.453,10129.76,10998.41,10939.56,11316.84,11511.01,11450.4,11390.84,11469.92,12303.32,12652.72,14121.14,15258.68,14099.98,16953.83,17707.15,18474.92,0,0,0,0,0,0,0,0,0,0,0,0,0,0,0,0,0,0,0,0,0,0,0,0,0,0,0,0,0,0,0,0,0,0,0,0,0,0,0,0
...,18842.49,19562.03,19924.56,19500.53,19460.13,17431.34,20868.98,18012.33,21470.04,21320.25,21035.07,18002.28,19414.87,23551.06,20487.76,20880.05,20595.80,20604.97,20014.44,22550.14,23968.1,21483.5,22020.21,20924.42,27067.49,27869.15,25204.78,30506.62,26879.83,24770.59,29711.22,29317.74,29100.77,32273.60,32418.2,35892,33878.71,36607.66,34697.09,33532.4,37084.12,36232.7,41762.3,38628.23,46787.17,47380.84,47206.05,49988.04,42921.03,41729.26,0,0,0,0,0,0,0,0,0,0,0,0,0,0,0,0,0,0,0,0,0,0,0,0,0,0,0,0,0,0,0,0,0,0,0,0,0,0,0,0
...,21804.99,21750.03,22526.76,22146.35,22481.45,21820,21382.21,21636.16,22566.96,22302.86,22773.99,22159.21,21342.08,24600.08,23159.56,22571.01,22208.77,22456.46,22371.16,22590.22,22258.62,21619.06,20629.78,21411.86,22328.79,23653.51,24098.90,25048.69,25339.31,25891.91,26727.88,26516.8,27382.11,28428.37,30016.38,32183.39,31554.99,32129.36,34516.42,33686.79,35281.43,35682.8,36681.34,38793.06,39591.46,40085.5,38001.33,40920.55,42354.53,40668.95,0,0,0,0,0,0,0,0,0,0,0,0,0,0,0,0,0,0,0,0,0,0,0,0,0,0,0,0,0,0,0,0,0,0,0,0,0,0,0,0
...,21468.75,23264.29,25441.42,25574.5,25658.97,31682.3,36901.52,34094.92,37539.37,35386.94,40229.9,41242.51,40733.52,42399.3,41327.9,46232.88,47722.79,47756.35,49402.09,45794.69,55266.48,55977.69,49809.01,59689.31,56177.26,57739.74,60489.94,57480.04,57397.17,57427.02,60312.7,49812.45,46801.22,53583.32,56366.65,61810.12,65759.74,66738.5,64275.84,67193.25,66243.55,71599.18,70420.18,70306.93,73388.35,71945.53,72402,72433.73,73843.29,72807.44,0,0,0,0,0,0,0,0,0,0,0,0,0,0,0,0,0,0,0,0,0,0,0,0,0,0,0,0,0,0,0,0,0,0,0,0,0,0,0,0

S_o_Amer.commodity_prod'n_data,7559.481,8037.984,7211.525,8485.555,8417.999,10461.63,12156.37,9995.793,10265.98,13098.65,13627.53,9317.558,13141.48,13623.06,11462.75,9682.982,12339.18,13380.72,12622.67,10140.84,16924.30,13648.82,12713.56,13911.11,16615.83,17243.08,14542.50,14605.99,10540.26,10844.46,13401.25,16030.64,16835.49,16355.76,17729.48,16613.78,22162.24,25503.62,20000.61,24199.57,23326.28,22553.5,24170.13,24497.89,30239.89,25397.47,33043.97,34789.34,24831.53,36722.13,0,0,0,0,0,0,0,0,0,0,0,0,0,0,0,0,0,0,0,0,0,0,0,0,0,0,0,0,0,0,0,0,0,0,0,0,0,0,0,0
...,7554.389,7551.427,10675.16,13405.25,8196.263,8306.486,9031.654,7808.133,9085.646,6953.002,7455.926,9593.432,7924.434,7775.034,10338.76,13290.83,7314.669,9802.256,10049.92,9545.484,9829.682,16528.21,14452.59,15387.2,10616.24,11172.93,11866.89,11509.15,13062.26,13709.53,12418.72,12609.25,12172.54,13707.90,12204.77,18721.45,17860.48,15403.36,17626.29,18523.58,18224.19,15317.72,17909.44,19777.10,16061.39,17892.88,19567.12,12449.29,13490.34,19823.9,0,0,0,0,0,0,0,0,0,0,0,0,0,0,0,0,0,0,0,0,0,0,0,0,0,0,0,0,0,0,0,0,0,0,0,0,0,0,0,0
...,1743.791,1966.121,1793.816,2129.478,2285.175,2293.037,2419.644,2330.659,2588.372,2890.343,2777.425,2795.559,3100.208,3714.278,4147.954,3751.502,4235.516,4389.916,4673.488,4549.649,5172.888,5578.808,4762.115,5537.226,5299.829,4887.116,5838.139,5927.859,6517.646,5999.837,5849.881,6560.95,6806.44,7611.381,8005.894,8305.478,8680.038,8283.738,10344.87,9789.845,9785.25,9391.872,10009.85,11102.31,10786.85,11119.47,11001.27,12267.18,13037.19,12073.59,0,0,0,0,0,0,0,0,0,0,0,0,0,0,0,0,0,0,0,0,0,0,0,0,0,0,0,0,0,0,0,0,0,0,0,0,0,0,0,0
...,4562.559,3651.06,4676.019,4874.56,3174.192,4683.472,4394.585,4705.514,5093.892,6182.898,7416.691,5866.371,8618.623,8812.461,7743.645,8571.762,9846.592,11000.74,9535.849,5641.272,10243.31,10948.82,10893.85,10131.77,8986.638,7053.984,6612.989,6820.236,5090.124,5352.846,6070.183,6547.955,6126.405,5052.905,4722.11,5201.214,6052.361,6672.906,6015.422,6708.524,6172.049,6173.503,6561.823,6223.457,6081.188,6448.882,7010.153,7358.453,5574.177,9764.288,0,0,0,0,0,0,0,0,0,0,0,0,0,0,0,0,0,0,0,0,0,0,0,0,0,0,0,0,0,0,0,0,0,0,0,0,0,0,0,0
...,3345.464,3959.229,3673.703,3638.18,4044.335,4009.301,4158.588,4175.649,3917.091,4673.714,4726.911,4316.17,4548.323,4875.027,4872.642,5335.824,6784.089,8619.69,9925.749,9954.4,9701.827,10972.45,11232.56,14693.30,15829.87,17163.86,15699.52,20584.84,17935.34,23268.49,23544.94,23138.55,22297.70,24628.33,27811.72,28606.39,27403.48,36046.88,38400.58,38010.86,42783.51,46406.86,52234.99,49498.88,57862.83,60095.68,69876.83,69735.44,50283.74,76406.09,0,0,0,0,0,0,0,0,0,0,0,0,0,0,0,0,0,0,0,0,0,0,0,0,0,0,0,0,0,0,0,0,0,0,0,0,0,0,0,0
...,44778.53,46322.15,50310.68,51353.08,53327.74,54048.69,49402.8,51014.19,50444.87,50836.82,52782.69,56451.41,60657.96,64710.13,68522.45,69878.25,69857.26,67525.01,67549.22,70802.9,66999.52,67632.04,68137.4,68917.04,70374.34,71804.7,71571.45,70975.5,72055.08,74848.49,78308.7,78646.08,76994.31,79540.81,83730.58,85721.95,86763.96,87439.87,83517.67,87125.24,89496.13,95478.65,100161.8,98798.2,102360.8,103355.0,110314.3,113282.5,112022.0,93999.47,0,0,0,0,0,0,0,0,0,0,0,0,0,0,0,0,0,0,0,0,0,0,0,0,0,0,0,0,0,0,0,0,0,0,0,0,0,0,0,0

USA.commodity_prod'n_data,93733.94,93995.77,104318.6,90534.97,106465.4,108374.5,126119.0,115985.8,121757.6,107899.4,146063.1,144448.5,146836.6,122102.5,151431.1,162729.3,168237,187640.1,204498.1,171503.0,209379.8,212320.8,108724.7,197902.4,228562.6,211947.5,184453,128043,194726,205154.7,193651.1,244506.7,164308.5,259681.1,191973.1,238566.4,237971.4,252028.9,243710.0,256192.6,245738.8,232033.8,260740.1,304072.6,286634,271754.3,335365.3,311022.4,336791,319926.9,0,0,0,0,0,0,0,0,0,0,0,0,0,0,0,0,0,0,0,0,0,0,0,0,0,0,0,0,0,0,0,0,0,0,0,0,0,0,0,0
...,33539,29718,31211.9,34928,35805,35513.9,41030.8,42365.4,39264,36784,44052.8,42081.6,46560.8,48496.7,57886.4,58481.2,55671.1,48322.7,58080.6,64799.5,75806.3,75251.3,65857.9,70618,65975,56897,57361.8,49320,55428,74294,53890,67136,65222,63168,59404,61982,67536,69327,62567.3,60639.4,52999.9,43704,63803.3,58697,57242,49216,55820.4,68016.1,60365.7,60102.6,0,0,0,0,0,0,0,0,0,0,0,0,0,0,0,0,0,0,0,0,0,0,0,0,0,0,0,0,0,0,0,0,0,0,0,0,0,0,0,0
...,2458,2996,3187,3319,3460,3856.42,4054.14,4723.78,4168.67,3801.31,3890.35,3875.43,4207.73,5097.72,5825.77,5245.68,4500.68,6040.49,5985.02,6629.25,8289.04,6968.9,4523.2,6296.3,6122,6049,5879,7253,7007.4,7080,7230,8149,7081,8971.1,7887,7783.6,8300.7,8364.2,9343.95,8657.82,9764.5,9568.99,9067.18,10539.8,10107.5,8826.23,8998.73,9241.17,9972.23,11027,0,0,0,0,0,0,0,0,0,0,0,0,0,0,0,0,0,0,0,0,0,0,0,0,0,0,0,0,0,0,0,0,0,0,0,0,0,0,0,0
...,36235.00,38137.78,38320.59,34186.12,40120.69,39213.16,39614.85,42426.46,42799.61,40804.32,46260.71,40427.5,42872.72,31602.8,37210.41,34722.08,40608.22,37626.38,37176.98,29808.22,40572.18,41703.56,31246.5,42955.2,49568.2,43442.2,36111.23,24761.1,30483.65,29504.60,29007.58,36992.61,25738.45,28470.19,22339.64,31490.87,26872.94,23874.47,24092.59,21478.88,20843.81,16090.63,19143.27,19915.45,16829.92,12789.50,19131.16,19141.69,16493.92,14409.75,0,0,0,0,0,0,0,0,0,0,0,0,0,0,0,0,0,0,0,0,0,0,0,0,0,0,0,0,0,0,0,0,0,0,0,0,0,0,0,0
...,25551.71,25831.77,26854.73,26767.78,30917.54,31053.34,31544.04,36561.62,36948.53,36800.19,38180.04,41927.42,49275.97,39734.3,47999.52,41319.58,56698.82,58866.15,72439.55,56132.86,64410.38,68406.55,50580.96,59416.18,65662.13,59762.15,61211.04,50566.57,59564.17,60894.46,64653.8,68866.18,59911.34,80021.73,69350.81,75144.61,83534.37,84841.32,82832.8,85380.08,90369.52,84501.03,77136.45,96411.43,96412.42,97507.14,83049.49,89565,99264.9,100903.1,0,0,0,0,0,0,0,0,0,0,0,0,0,0,0,0,0,0,0,0,0,0,0,0,0,0,0,0,0,0,0,0,0,0,0,0,0,0,0,0
...,34050.1,34721.1,43084.3,44175.7,40036.7,40816.5,41956.2,45807.8,45584.9,44737.7,46301.4,51526.2,45717.7,42876,52660,52168.3,47025.6,46978.4,44023.7,45780.8,49846,45961.4,44590.6,44882.3,46032.3,50324,51972,49635,49493,50483,53029,53983,52026.2,56955,53398,50931,55863,60969,62340.7,68655,60295,63260,64568,59034,54039,63628,59662.6,49427,54626.2,53760.7,0,0,0,0,0,0,0,0,0,0,0,0,0,0,0,0,0,0,0,0,0,0,0,0,0,0,0,0,0,0,0,0,0,0,0,0,0,0,0,0

