BRAZIL.per_capita_animal_product_demand_scenario,0.01942551,0.01871893,0.01827844,0.01872591,0.01898471,0.01797623,0.01805699,0.01971155,0.02062043,0.02031440,0.01934828,0.02185912,0.02255034,0.02029222,0.02104932,0.02252773,0.02244455,0.02297404,0.02314776,0.02418228,0.02480441,0.02458051,0.02557513,0.02638786,0.02633145,0.02667031,0.02678099,0.02885241,0.02956241,0.02833456,0.03052085,0.031427,0.03155419,0.03313325,0.0362603,0.0383718,0.03621962,0.03491919,0.03805446,0.03847302,0.03933001,0.04053639,0.04048761,0.04297742,0.04686282,0.04862403,0.04962129,0,0,0,0,0,0,0,0,0,0,0,0,0,0,0,0,0,0,0,0,0,0,0,0,0,0,0,0,0,0,0,0,0,0,0,0,0,0,0,0,0,0,0
...,0.07099115,0.07196303,0.07094043,0.07861221,0.08161886,0.0805469,0.07872264,0.08031363,0.07864809,0.07778854,0.07589853,0.07391598,0.07664789,0.08681243,0.09357515,0.09776168,0.0884107,0.08848368,0.08999007,0.09994409,0.09538612,0.09413898,0.09202139,0.09371178,0.09289088,0.09410893,0.09600932,0.09807466,0.1003530,0.1012971,0.1036565,0.1067029,0.1038165,0.1035061,0.1063194,0.117546,0.1167357,0.1151677,0.1157478,0.1182610,0.1209222,0.125813,0.1275828,0.1328264,0.1376058,0.1403714,0.1429360,0,0,0,0,0,0,0,0,0,0,0,0,0,0,0,0,0,0,0,0,0,0,0,0,0,0,0,0,0,0,0,0,0,0,0,0,0,0,0,0,0,0,0
...,0.007124465,0.007611848,0.007223437,0.007051188,0.007067389,0.007672782,0.007505955,0.00786272,0.007677933,0.007990332,0.008154136,0.007663596,0.006796126,0.006846137,0.007028772,0.007090725,0.007358001,0.007324808,0.00757563,0.008058018,0.007871865,0.006827921,0.00678884,0.005679729,0.005729017,0.005937131,0.007056914,0.007618256,0.006938256,0.007020124,0.007891622,0.008156132,0.009561875,0.01067397,0.01113228,0.01157429,0.01230123,0.01418758,0.01397990,0.0149276,0.01492706,0.01562055,0.01685056,0.01691468,0.01504770,0.01504055,0.01572691,0,0,0,0,0,0,0,0,0,0,0,0,0,0,0,0,0,0,0,0,0,0,0,0,0,0,0,0,0,0,0,0,0,0,0,0,0,0,0,0,0,0,0
...,0.001734420,0.001786454,0.002085375,0.002134875,0.0026562,0.002769124,0.003045081,0.003186701,0.003545304,0.003937869,0.003863555,0.004328145,0.005080128,0.005217457,0.005123605,0.005609351,0.006316941,0.007557478,0.009410616,0.01148679,0.01220139,0.0127533,0.01237333,0.01052663,0.01127441,0.01199660,0.01308352,0.01385137,0.01459074,0.01619309,0.01778245,0.01914102,0.02062178,0.02205116,0.02569082,0.02529286,0.02742874,0.02937421,0.03289355,0.03516598,0.03611477,0.04041357,0.04388637,0.04837815,0.04378879,0.04497284,0.04939512,0,0,0,0,0,0,0,0,0,0,0,0,0,0,0,0,0,0,0,0,0,0,0,0,0,0,0,0,0,0,0,0,0,0,0,0,0,0,0,0,0,0,0

CAN.per_capita_animal_product_demand_scenario,0.03757384,0.03708872,0.03843923,0.04174219,0.04532981,0.04422751,0.04262999,0.04399962,0.04085649,0.0404752,0.04186321,0.04144289,0.0412558,0.04270665,0.04822401,0.05086266,0.0492509,0.04542042,0.04012206,0.04062653,0.04190553,0.04201311,0.04179364,0.03986061,0.04086213,0.04052248,0.03728111,0.03652019,0.03622260,0.03386159,0.03236961,0.0329047,0.03114657,0.0319567,0.03262576,0.03538956,0.03764737,0.04030009,0.04266728,0.04223287,0.04217081,0.04243973,0.03912027,0.04825041,0.04658433,0.04192718,0.03994536,0,0,0,0,0,0,0,0,0,0,0,0,0,0,0,0,0,0,0,0,0,0,0,0,0,0,0,0,0,0,0,0,0,0,0,0,0,0,0,0,0,0,0
...,0.4695909,0.4617573,0.4545742,0.4482366,0.4361724,0.4278315,0.4149839,0.4099465,0.4096894,0.3938389,0.3696934,0.3690924,0.3480876,0.3422652,0.3441362,0.3371626,0.3354294,0.3259092,0.3009773,0.3104911,0.3131611,0.3214343,0.3020936,0.3082345,0.2980691,0.2962227,0.2943702,0.2996214,0.3006842,0.2969929,0.2864069,0.2771887,0.2695537,0.2756826,0.2790594,0.2754774,0.2800777,0.2812707,0.2779459,0.2754913,0.2715129,0.2641226,0.2551033,0.2581694,0.2526387,0.2574476,0.2585521,0,0,0,0,0,0,0,0,0,0,0,0,0,0,0,0,0,0,0,0,0,0,0,0,0,0,0,0,0,0,0,0,0,0,0,0,0,0,0,0,0,0,0
...,0.02920586,0.02893028,0.02831532,0.03003781,0.02800081,0.027692,0.03189933,0.03076629,0.02881507,0.03435097,0.03687409,0.03522198,0.03373867,0.03352712,0.02830352,0.02745986,0.02734754,0.03090591,0.03665828,0.04217654,0.04097699,0.04021426,0.04076463,0.04087866,0.04210038,0.04178284,0.04225193,0.04386876,0.04306465,0.04057615,0.03907169,0.04255769,0.04159844,0.04236762,0.04354652,0.04150752,0.04210209,0.046209,0.05151655,0.05344283,0.05585132,0.05933259,0.05947039,0.06053973,0.05942984,0.0581709,0.05761117,0,0,0,0,0,0,0,0,0,0,0,0,0,0,0,0,0,0,0,0,0,0,0,0,0,0,0,0,0,0,0,0,0,0,0,0,0,0,0,0,0,0,0
...,0.01405601,0.01379421,0.01476404,0.01564037,0.01636345,0.01788027,0.01804702,0.01753296,0.01906948,0.02058295,0.01923077,0.01946831,0.02047314,0.02015124,0.01741423,0.01913222,0.01932897,0.01993660,0.02214342,0.02149617,0.02151797,0.02130636,0.02109471,0.02212303,0.02379755,0.02387045,0.02572020,0.0256829,0.02528265,0.02646114,0.02627357,0.02603488,0.02693098,0.02968147,0.02969081,0.03042082,0.03098205,0.03223344,0.03335746,0.03470525,0.03597587,0.03547821,0.03513872,0.03511680,0.03602934,0.03582812,0.03660647,0,0,0,0,0,0,0,0,0,0,0,0,0,0,0,0,0,0,0,0,0,0,0,0,0,0,0,0,0,0,0,0,0,0,0,0,0,0,0,0,0,0,0

CHIHKG.per_capita_animal_product_demand_scenario,0.0003767060,0.0004199735,0.0004898875,0.00054455,0.0005915262,0.0006459187,0.0006621704,0.0006665511,0.0006716967,0.0006669536,0.0007078522,0.0007424224,0.0007737063,0.0007811857,0.0008123903,0.0007879206,0.0008139449,0.000824337,0.0009128233,0.001012959,0.001035167,0.001087182,0.001140202,0.001226339,0.001279532,0.001431902,0.001723325,0.001938923,0.00213859,0.002321964,0.002638531,0.003087038,0.003611371,0.004099503,0.005070652,0.005071482,0.005914124,0.006386625,0.006673751,0.006805006,0.006863682,0.007093943,0.007440371,0.00777808,0.007965148,0.008139202,0.008571315,0,0,0,0,0,0,0,0,0,0,0,0,0,0,0,0,0,0,0,0,0,0,0,0,0,0,0,0,0,0,0,0,0,0,0,0,0,0,0,0,0,0,0
...,0.002810922,0.002810706,0.002801226,0.002773935,0.002753513,0.002698776,0.002620981,0.002406776,0.002386587,0.002409324,0.002438818,0.002463123,0.002513125,0.002557215,0.002609695,0.002670772,0.002720901,0.002958651,0.002754917,0.003001359,0.003219518,0.003564417,0.003863261,0.004246641,0.004539269,0.004977741,0.005443185,0.005788916,0.005875598,0.006184646,0.006589885,0.006909772,0.006898096,0.007266245,0.007829369,0.008347577,0.008192628,0.00845697,0.008960583,0.009776604,0.01137119,0.01347261,0.01686581,0.02068586,0.02434254,0.02753851,0.02987465,0,0,0,0,0,0,0,0,0,0,0,0,0,0,0,0,0,0,0,0,0,0,0,0,0,0,0,0,0,0,0,0,0,0,0,0,0,0,0,0,0,0,0
...,0.002431191,0.003030339,0.005241942,0.006860193,0.007770377,0.008245281,0.008467075,0.008133464,0.007697619,0.007485243,0.008435932,0.00914841,0.009022028,0.00873548,0.008731011,0.008570515,0.008476655,0.0091417,0.01117283,0.01229442,0.01267604,0.01334609,0.01362892,0.01473332,0.01658859,0.01768459,0.01780891,0.01913316,0.01975566,0.02091684,0.02218738,0.02345996,0.02502877,0.02706419,0.02743195,0.02684544,0.02992581,0.03184533,0.03157253,0.03198588,0.03244437,0.03272694,0.03335304,0.03392774,0.03532976,0.03583282,0.03287043,0,0,0,0,0,0,0,0,0,0,0,0,0,0,0,0,0,0,0,0,0,0,0,0,0,0,0,0,0,0,0,0,0,0,0,0,0,0,0,0,0,0,0
...,0.001048423,0.001069968,0.001085893,0.001097631,0.001124733,0.001133405,0.001155501,0.001162290,0.001183287,0.001183934,0.001219409,0.001280359,0.001296327,0.001332022,0.001352892,0.001427703,0.001523240,0.001595525,0.001635475,0.001686236,0.001734279,0.001784675,0.001851369,0.001859164,0.001904661,0.002156680,0.002455236,0.002924557,0.002980235,0.003257369,0.003849111,0.004345443,0.005374693,0.005952579,0.00712388,0.007150652,0.008231288,0.008956599,0.009306378,0.009959484,0.009754965,0.009845223,0.01008662,0.01009617,0.01065076,0.01075640,0.01125210,0,0,0,0,0,0,0,0,0,0,0,0,0,0,0,0,0,0,0,0,0,0,0,0,0,0,0,0,0,0,0,0,0,0,0,0,0,0,0,0,0,0,0

C_C_Amer.per_capita_animal_product_demand_scenario,0.01100216,0.01177294,0.01205531,0.01211448,0.01191097,0.0117493,0.01183412,0.01255599,0.01240528,0.01192605,0.01162791,0.01150854,0.01076633,0.01024124,0.01099319,0.01239546,0.01290989,0.01255021,0.01145444,0.01178237,0.01231593,0.01219367,0.01260174,0.01226722,0.01228468,0.01430088,0.01430629,0.01416324,0.01343494,0.01293404,0.01278365,0.01274772,0.01261413,0.01333130,0.01333192,0.01271377,0.0125479,0.01257592,0.01245708,0.01246426,0.01246852,0.01246905,0.01249701,0.01262005,0.01269219,0.01291826,0.01315559,0,0,0,0,0,0,0,0,0,0,0,0,0,0,0,0,0,0,0,0,0,0,0,0,0,0,0,0,0,0,0,0,0,0,0,0,0,0,0,0,0,0,0
...,0.05359644,0.05191459,0.05108421,0.05106548,0.05127054,0.06127095,0.06427842,0.06490242,0.06713635,0.06869914,0.06859332,0.07836434,0.08003982,0.08232934,0.08343143,0.08338683,0.08458932,0.08603272,0.08631705,0.08379676,0.08393107,0.08261073,0.07996417,0.07807732,0.07897187,0.0735021,0.06970787,0.06810288,0.06315885,0.06486867,0.06697478,0.06686451,0.06854886,0.06817661,0.06765963,0.06839256,0.06945469,0.07177318,0.07559795,0.07777746,0.07816756,0.07884312,0.07821195,0.07737402,0.07688631,0.07897534,0.08090847,0,0,0,0,0,0,0,0,0,0,0,0,0,0,0,0,0,0,0,0,0,0,0,0,0,0,0,0,0,0,0,0,0,0,0,0,0,0,0,0,0,0,0
...,0.007221444,0.007029413,0.006881411,0.006724723,0.006646855,0.006570643,0.006565581,0.006434388,0.006458136,0.006624409,0.006766639,0.007338199,0.007838046,0.008367962,0.009018863,0.009818724,0.01080971,0.01102453,0.01148815,0.01170811,0.01187116,0.01216987,0.01291328,0.01253489,0.01121090,0.008587899,0.008119197,0.007607236,0.006553628,0.006774975,0.007080383,0.007043229,0.007174772,0.007460693,0.007625381,0.007490614,0.007253122,0.00740635,0.007623077,0.007728073,0.007744384,0.007855053,0.007649417,0.007708283,0.008054136,0.00797324,0.00858458,0,0,0,0,0,0,0,0,0,0,0,0,0,0,0,0,0,0,0,0,0,0,0,0,0,0,0,0,0,0,0,0,0,0,0,0,0,0,0,0,0,0,0
...,0.002801539,0.002946539,0.003042714,0.00313155,0.003323428,0.003444574,0.003523835,0.003529977,0.00362047,0.003767236,0.00395493,0.004009945,0.00429482,0.004469252,0.004606757,0.004855115,0.005082772,0.005387281,0.005638718,0.006196472,0.006485472,0.00651334,0.006869426,0.007234905,0.00760659,0.008388866,0.008329052,0.008047618,0.007934073,0.008916962,0.009673389,0.009694332,0.0106456,0.01112426,0.01225686,0.01214229,0.01334574,0.01441413,0.01527545,0.0161608,0.01663418,0.01742066,0.01733905,0.01869108,0.01986108,0.0201076,0.02056689,0,0,0,0,0,0,0,0,0,0,0,0,0,0,0,0,0,0,0,0,0,0,0,0,0,0,0,0,0,0,0,0,0,0,0,0,0,0,0,0,0,0,0

EU27.per_capita_animal_product_demand_scenario,0.02048372,0.02129229,0.02123305,0.02049579,0.02021925,0.02152425,0.0227303,0.02333121,0.02343645,0.02417975,0.02422730,0.02275332,0.02327437,0.02642702,0.02671399,0.02644647,0.02594212,0.02596641,0.02706257,0.02771256,0.0266734,0.02614431,0.02673177,0.02818414,0.02834813,0.02803906,0.02821366,0.02677462,0.02624588,0.0280817,0.02875119,0.02749948,0.02567229,0.02418511,0.02406438,0.02394838,0.02366631,0.02306056,0.02292736,0.02221173,0.02154585,0.02155708,0.02124136,0.02112010,0.02056811,0.02049319,0.02055601,0,0,0,0,0,0,0,0,0,0,0,0,0,0,0,0,0,0,0,0,0,0,0,0,0,0,0,0,0,0,0,0,0,0,0,0,0,0,0,0,0,0,0
...,0.3191338,0.3150368,0.3100914,0.3084951,0.3182982,0.3249643,0.3295977,0.3348952,0.3325295,0.3273823,0.3254354,0.3376352,0.3419996,0.3432387,0.3426684,0.348,0.354857,0.3655217,0.3706815,0.3739574,0.3704228,0.3767364,0.3912107,0.3897888,0.383896,0.3851814,0.3713894,0.3639724,0.3637053,0.3601214,0.3457243,0.3399579,0.331515,0.3287703,0.3315108,0.3309819,0.3302074,0.3314537,0.3316935,0.330509,0.3278376,0.3273108,0.3265275,0.3206414,0.3215735,0.3194753,0.3173821,0,0,0,0,0,0,0,0,0,0,0,0,0,0,0,0,0,0,0,0,0,0,0,0,0,0,0,0,0,0,0,0,0,0,0,0,0,0,0,0,0,0,0
...,0.02464291,0.02498626,0.02448684,0.02563373,0.02738371,0.02718374,0.02774871,0.02911793,0.02860464,0.02962201,0.03150662,0.03301838,0.03361013,0.0352748,0.03505814,0.03486074,0.03606182,0.03791785,0.03963084,0.04036047,0.03989495,0.03969784,0.04059212,0.04120962,0.04165891,0.04252288,0.04350232,0.04476627,0.04418193,0.04423785,0.04311602,0.04279751,0.04366279,0.04285156,0.04307816,0.04405736,0.04312098,0.04617929,0.04696685,0.04509849,0.04455769,0.04490013,0.04538896,0.04449185,0.04434123,0.04419826,0.045838,0,0,0,0,0,0,0,0,0,0,0,0,0,0,0,0,0,0,0,0,0,0,0,0,0,0,0,0,0,0,0,0,0,0,0,0,0,0,0,0,0,0,0
...,0.005105941,0.005488955,0.005953009,0.006565951,0.006978647,0.007158784,0.007587073,0.00792987,0.008605812,0.009526277,0.00992382,0.01072630,0.01152596,0.01171493,0.01197500,0.01274787,0.01337230,0.01380011,0.01435609,0.01480698,0.01552664,0.01553643,0.01521709,0.01520700,0.01542955,0.01602419,0.01668290,0.01714245,0.01703752,0.01756563,0.01748052,0.01796395,0.01804916,0.01890258,0.01971444,0.02054622,0.02103118,0.02199261,0.02165961,0.02199017,0.02284872,0.02361259,0.02222514,0.02246741,0.02210554,0.02113759,0.02194957,0,0,0,0,0,0,0,0,0,0,0,0,0,0,0,0,0,0,0,0,0,0,0,0,0,0,0,0,0,0,0,0,0,0,0,0,0,0,0,0,0,0,0

E_Asia.per_capita_animal_product_demand_scenario,0.005604231,0.005028478,0.005036332,0.005312898,0.005214438,0.004929907,0.005181584,0.005085313,0.005056559,0.005069978,0.004872259,0.005190417,0.005037733,0.005637264,0.006699847,0.006192358,0.005746594,0.006542039,0.006610588,0.006458367,0.006565507,0.006371724,0.006232055,0.006662347,0.007164472,0.008010315,0.007850616,0.007056499,0.006302554,0.006335894,0.006827024,0.006982947,0.006886725,0.006822827,0.006920365,0.008025404,0.008938404,0.009822542,0.009755138,0.009584665,0.008080276,0.007565005,0.006593557,0.007107485,0.0070609,0.006893848,0.00732157,0,0,0,0,0,0,0,0,0,0,0,0,0,0,0,0,0,0,0,0,0,0,0,0,0,0,0,0,0,0,0,0,0,0,0,0,0,0,0,0,0,0,0
...,0.005183256,0.005387655,0.005537459,0.005704632,0.006195135,0.005747664,0.00570659,0.005308353,0.005797607,0.00630552,0.006496346,0.006411692,0.007188228,0.007782936,0.008192956,0.0089968,0.01008435,0.01129324,0.01248266,0.01355547,0.01414378,0.01525092,0.01753082,0.01972121,0.02237671,0.02503022,0.02895511,0.03216195,0.03395946,0.03351596,0.03292412,0.03383583,0.03367668,0.03461408,0.03616073,0.03622979,0.03568211,0.03641286,0.04091816,0.03959429,0.03940347,0.04171088,0.03942426,0.03837496,0.0371512,0.03707809,0.0371462,0,0,0,0,0,0,0,0,0,0,0,0,0,0,0,0,0,0,0,0,0,0,0,0,0,0,0,0,0,0,0,0,0,0,0,0,0,0,0,0,0,0,0
...,0.002946826,0.002308995,0.002756201,0.002962491,0.003157366,0.003668224,0.003127211,0.002832608,0.003182145,0.003578808,0.003560497,0.003867370,0.00380319,0.004115788,0.004307044,0.004705439,0.005394383,0.005902454,0.007817425,0.008161672,0.007648117,0.008175042,0.009390306,0.01023443,0.01032142,0.008445483,0.009296782,0.01009863,0.01093269,0.01198310,0.01164076,0.01392094,0.01366956,0.01355743,0.01333081,0.01431871,0.01401542,0.01489681,0.01588373,0.01474671,0.01488545,0.01609458,0.01798492,0.01534726,0.01448842,0.0158153,0.01639278,0,0,0,0,0,0,0,0,0,0,0,0,0,0,0,0,0,0,0,0,0,0,0,0,0,0,0,0,0,0,0,0,0,0,0,0,0,0,0,0,0,0,0
...,0.0008682611,0.0008466314,0.0008519168,0.0009058858,0.0009089387,0.0008411215,0.0009815335,0.001182112,0.001351322,0.001405960,0.001499157,0.001587657,0.001553135,0.001560488,0.001627106,0.00171278,0.001964964,0.002119767,0.00223355,0.002271074,0.002269989,0.002387250,0.002719135,0.002674907,0.002813446,0.003997099,0.004306714,0.004469116,0.00456819,0.004882005,0.005676572,0.005963976,0.006055569,0.006102313,0.006206475,0.006610855,0.006078114,0.005669577,0.00639566,0.006264213,0.006361658,0.006586653,0.006497601,0.006534521,0.007902777,0.008232066,0.008277143,0,0,0,0,0,0,0,0,0,0,0,0,0,0,0,0,0,0,0,0,0,0,0,0,0,0,0,0,0,0,0,0,0,0,0,0,0,0,0,0,0,0,0

INDIA.per_capita_animal_product_demand_scenario,0.003200196,0.003227596,0.003201631,0.003201552,0.003191571,0.003182109,0.003184689,0.003187191,0.003165586,0.003161146,0.003151616,0.003109558,0.003119855,0.003134085,0.003137188,0.003144047,0.003142149,0.003144435,0.003183500,0.003223911,0.003231775,0.003452063,0.003403871,0.003367288,0.003363557,0.003338907,0.003397342,0.003366661,0.003337664,0.003307963,0.003282175,0.00326243,0.003220275,0.003180878,0.003143268,0.003107464,0.003075368,0.003030797,0.002987903,0.002948427,0.002910302,0.002873545,0.002840932,0.002807911,0.002776358,0.002747123,0.002718367,0,0,0,0,0,0,0,0,0,0,0,0,0,0,0,0,0,0,0,0,0,0,0,0,0,0,0,0,0,0,0,0,0,0,0,0,0,0,0,0,0,0,0
...,0.04548475,0.04394628,0.04273528,0.04103247,0.03962498,0.03904241,0.03919424,0.04087837,0.04070171,0.03838948,0.04057993,0.04023381,0.04003645,0.04131128,0.04235446,0.04409739,0.04495547,0.04472959,0.04580842,0.046489,0.0493516,0.05029085,0.0532531,0.05562886,0.05771998,0.05912542,0.0586471,0.05958857,0.06194459,0.06346371,0.0626374,0.06399528,0.0654571,0.06699524,0.06999228,0.07188456,0.07319618,0.0752565,0.0781724,0.07837789,0.08086698,0.08093786,0.08141786,0.08421848,0.0870975,0.08915126,0.09132973,0,0,0,0,0,0,0,0,0,0,0,0,0,0,0,0,0,0,0,0,0,0,0,0,0,0,0,0,0,0,0,0,0,0,0,0,0,0,0,0,0,0,0
...,0.0003366326,0.0003276856,0.0003168063,0.0003102916,0.0002998386,0.0002916113,0.0003047734,0.0003134323,0.0003067643,0.0003146679,0.0003432978,0.0003549329,0.0003472152,0.00034952,0.0003465969,0.0003451169,0.0003480962,0.0003552607,0.0003693155,0.0003768208,0.0003937402,0.0004083975,0.0004047409,0.0004011189,0.0004659417,0.0004596679,0.0004547915,0.0004621145,0.0004690259,0.0004790283,0.0004851121,0.0004953195,0.0004887138,0.0004834421,0.0004773655,0.0004726063,0.0004670677,0.0004597834,0.0004537475,0.0004469638,0.0004404119,0.0004350201,0.0004289233,0.000423073,0.0004183553,0.0004129834,0.0004086995,0,0,0,0,0,0,0,0,0,0,0,0,0,0,0,0,0,0,0,0,0,0,0,0,0,0,0,0,0,0,0,0,0,0,0,0,0,0,0,0,0,0,0
...,0.0001705022,0.0001691971,0.0001657463,0.0001664478,0.0001670242,0.0001674794,0.0001678182,0.0001661569,0.000168166,0.0001681845,0.0001681098,0.0001662125,0.0001642921,0.0001623363,0.0001635808,0.0001630598,0.0001593507,0.0001632688,0.0001743169,0.000190576,0.000198987,0.0002110974,0.0002185601,0.0002322267,0.0002439418,0.0002639302,0.0003806407,0.0003786435,0.0003778264,0.0003769593,0.0003771831,0.0003762202,0.0003796259,0.0003839728,0.0003881874,0.0003912645,0.0004064095,0.0004200613,0.0004225219,0.0004364132,0.0004517287,0.0004674843,0.0004845921,0.000503915,0.0005244919,0.0005462881,0.0005701186,0,0,0,0,0,0,0,0,0,0,0,0,0,0,0,0,0,0,0,0,0,0,0,0,0,0,0,0,0,0,0,0,0,0,0,0,0,0,0,0,0,0,0

JAPAN.per_capita_animal_product_demand_scenario,0.003710792,0.004212256,0.004201024,0.004692705,0.004650594,0.003568225,0.003445186,0.003421392,0.00392994,0.003973269,0.004079513,0.004041608,0.003214902,0.003762671,0.003888227,0.003084505,0.003590491,0.003759366,0.003668094,0.003793003,0.004188117,0.004266118,0.004361292,0.004640989,0.004755682,0.004766374,0.00471497,0.004707151,0.00451254,0.004513317,0.004706986,0.004825858,0.004831383,0.004894082,0.004878749,0.004492256,0.004284048,0.00426809,0.004347826,0.004261834,0.00368774,0.004303799,0.003976018,0.004121397,0.004017293,0.003993692,0.004034664,0,0,0,0,0,0,0,0,0,0,0,0,0,0,0,0,0,0,0,0,0,0,0,0,0,0,0,0,0,0,0,0,0,0,0,0,0,0,0,0,0,0,0
...,0.02262626,0.02588431,0.02903189,0.03140503,0.03312528,0.03461380,0.03574629,0.03979826,0.04416088,0.04599418,0.04597006,0.04640399,0.04546791,0.04449018,0.0448042,0.04702983,0.05081993,0.05377111,0.05637644,0.05623577,0.05669674,0.05742397,0.05956806,0.0600168,0.06177424,0.06211103,0.06071241,0.06272116,0.06627895,0.06709094,0.06741019,0.06985812,0.07009518,0.06772545,0.06745747,0.06951468,0.06927465,0.06858242,0.06755731,0.06775528,0.06604049,0.06662628,0.06663366,0.066013,0.06566548,0.06447968,0.06343998,0,0,0,0,0,0,0,0,0,0,0,0,0,0,0,0,0,0,0,0,0,0,0,0,0,0,0,0,0,0,0,0,0,0,0,0,0,0,0,0,0,0,0
...,0.002190324,0.003411927,0.002908401,0.003527264,0.004150859,0.005695048,0.006004182,0.005800635,0.005705691,0.00702742,0.007960716,0.008241528,0.008919058,0.00995521,0.00931741,0.009359877,0.01026231,0.01117367,0.01234206,0.01262907,0.01185925,0.01203956,0.01196216,0.01184367,0.01267079,0.01277619,0.01297232,0.01290381,0.01298373,0.01262268,0.01199392,0.01155306,0.01155680,0.01111564,0.01036336,0.01004198,0.01021825,0.01022283,0.01009486,0.009912711,0.009707896,0.009803536,0.01001077,0.009914903,0.009768613,0.009784152,0.009819775,0,0,0,0,0,0,0,0,0,0,0,0,0,0,0,0,0,0,0,0,0,0,0,0,0,0,0,0,0,0,0,0,0,0,0,0,0,0,0,0,0,0,0
...,0.001403509,0.001632249,0.001855539,0.001815200,0.002080529,0.002419135,0.002907498,0.00322476,0.003881423,0.00469133,0.005099391,0.005792351,0.006292023,0.00657334,0.006629696,0.00730354,0.007927172,0.008745747,0.009424843,0.00965803,0.009557062,0.00998238,0.01037167,0.01079571,0.01119033,0.01133557,0.01170953,0.01180874,0.01159087,0.01129141,0.01097488,0.01099716,0.01057768,0.01004406,0.009980708,0.009827307,0.009789844,0.009597263,0.009588933,0.009431282,0.00958182,0.00966978,0.009743602,0.009750047,0.00998831,0.01072569,0.01072247,0,0,0,0,0,0,0,0,0,0,0,0,0,0,0,0,0,0,0,0,0,0,0,0,0,0,0,0,0,0,0,0,0,0,0,0,0,0,0,0,0,0,0

MEAS_Nafr.per_capita_animal_product_demand_scenario,0.008843219,0.008837051,0.008491996,0.0083599,0.00852261,0.00846628,0.008364805,0.008609704,0.008510262,0.00835377,0.008487105,0.008498372,0.008356362,0.008398351,0.008047037,0.007983694,0.008372131,0.008314635,0.008487812,0.008477836,0.008641618,0.008614494,0.008578455,0.008628767,0.008282993,0.008274433,0.008479247,0.008815125,0.008984337,0.008857976,0.008949618,0.009046633,0.009100112,0.009302507,0.009298852,0.00948238,0.009878361,0.009801105,0.009617016,0.009721686,0.009146895,0.009136032,0.009277608,0.00941422,0.009414536,0.00956832,0.009469198,0,0,0,0,0,0,0,0,0,0,0,0,0,0,0,0,0,0,0,0,0,0,0,0,0,0,0,0,0,0,0,0,0,0,0,0,0,0,0,0,0,0,0
...,0.04386714,0.04385431,0.04327869,0.04378349,0.04451888,0.04396848,0.0433222,0.04583245,0.04572975,0.04499563,0.04393489,0.0442892,0.04464421,0.04585756,0.04666907,0.04781749,0.04787262,0.04894245,0.04864212,0.04856459,0.04906042,0.04930625,0.04864018,0.04680792,0.04665725,0.0460361,0.04593632,0.0463319,0.04578649,0.04759993,0.04790365,0.04840338,0.04818923,0.04876274,0.05003039,0.05199664,0.05391286,0.05528711,0.0568188,0.05837405,0.05849458,0.05940534,0.06136788,0.06313544,0.06340623,0.0662814,0.07147487,0,0,0,0,0,0,0,0,0,0,0,0,0,0,0,0,0,0,0,0,0,0,0,0,0,0,0,0,0,0,0,0,0,0,0,0,0,0,0,0,0,0,0
...,7.346392e-05,7.155507e-05,6.096817e-05,5.08716e-05,4.950209e-05,4.814946e-05,5.462093e-05,6.827078e-05,7.374577e-05,7.170618e-05,6.973792e-05,7.460662e-05,8.57401e-05,8.975337e-05,8.719699e-05,8.467554e-05,9.393696e-05,8.542433e-05,7.726227e-05,7.478872e-05,7.23148e-05,7.486524e-05,6.750892e-05,6.060182e-05,6.316008e-05,5.682389e-05,6.783398e-05,6.17594e-05,6.405945e-05,6.238011e-05,6.46319e-05,6.310741e-05,6.531181e-05,6.388597e-05,6.599858e-05,6.462167e-05,6.330147e-05,6.203231e-05,5.120541e-05,6.58991e-05,6.770918e-05,6.642191e-05,6.220619e-05,6.394345e-05,6.559659e-05,6.15686e-05,6.041831e-05,0,0,0,0,0,0,0,0,0,0,0,0,0,0,0,0,0,0,0,0,0,0,0,0,0,0,0,0,0,0,0,0,0,0,0,0,0,0,0,0,0,0,0
...,0.002038624,0.002119819,0.002133886,0.002179,0.002202843,0.002271049,0.002411124,0.002465334,0.002551604,0.002674640,0.002845307,0.003133478,0.003086644,0.003243943,0.003357084,0.003544276,0.003810318,0.004106063,0.004365318,0.004524718,0.004865753,0.005330405,0.005940785,0.0063865,0.00647842,0.007028679,0.007224318,0.007205264,0.007034528,0.007134725,0.007284396,0.007970095,0.008080522,0.00869559,0.008975806,0.00918308,0.01008826,0.01009494,0.01038510,0.01121854,0.01164906,0.01166006,0.01231682,0.01242247,0.01275141,0.01296299,0.01309155,0,0,0,0,0,0,0,0,0,0,0,0,0,0,0,0,0,0,0,0,0,0,0,0,0,0,0,0,0,0,0,0,0,0,0,0,0,0,0,0,0,0,0

Mala_Indo.per_capita_animal_product_demand_scenario,0.001999884,0.002040026,0.00192929,0.001993487,0.001982728,0.001893483,0.001874328,0.001772802,0.001819275,0.002050495,0.001964336,0.002023113,0.002107597,0.002223236,0.002256472,0.002280975,0.002210739,0.002175612,0.002173248,0.002095482,0.002124127,0.002139101,0.002088782,0.002074820,0.002100829,0.002136976,0.002101669,0.002105062,0.002124325,0.002107546,0.002137085,0.002284799,0.002583803,0.002423325,0.002244277,0.002409583,0.002441891,0.002234476,0.002033143,0.002117661,0.002139453,0.002228763,0.002441572,0.00264882,0.002217748,0.002463223,0.002117615,0,0,0,0,0,0,0,0,0,0,0,0,0,0,0,0,0,0,0,0,0,0,0,0,0,0,0,0,0,0,0,0,0,0,0,0,0,0,0,0,0,0,0
...,0.0022704,0.002181695,0.002040063,0.002038589,0.002088474,0.002022584,0.001882733,0.001904121,0.001715087,0.001612222,0.001628030,0.001597587,0.00155335,0.001653175,0.001532172,0.001627323,0.001691349,0.001732673,0.001746246,0.001771181,0.001788417,0.001965822,0.002381329,0.002355665,0.00243786,0.002665712,0.002690568,0.002873914,0.003269794,0.003273858,0.003313739,0.003353016,0.003367216,0.003639777,0.003677597,0.003718836,0.003612535,0.003243594,0.003404848,0.003627152,0.003493864,0.003538799,0.003775627,0.00373732,0.003679909,0.004015336,0.003888929,0,0,0,0,0,0,0,0,0,0,0,0,0,0,0,0,0,0,0,0,0,0,0,0,0,0,0,0,0,0,0,0,0,0,0,0,0,0,0,0,0,0,0
...,0.00143953,0.001558353,0.001587741,0.001551492,0.001542122,0.001540607,0.001395239,0.001616861,0.001506712,0.001541785,0.001666246,0.001754360,0.001546057,0.001589043,0.001706283,0.001872442,0.001764596,0.001700104,0.001886456,0.001945804,0.002130231,0.002085325,0.002486645,0.002745410,0.002932172,0.003150387,0.003203829,0.003314015,0.003597815,0.003949092,0.004047891,0.004124507,0.004306339,0.004525775,0.004031212,0.004076327,0.004184139,0.003973403,0.003147376,0.002507066,0.002600988,0.002811474,0.002907233,0.002843343,0.003063187,0.003249358,0.003172442,0,0,0,0,0,0,0,0,0,0,0,0,0,0,0,0,0,0,0,0,0,0,0,0,0,0,0,0,0,0,0,0,0,0,0,0,0,0,0,0,0,0,0
...,0.0008018859,0.0008216772,0.000858488,0.0008930102,0.0009252732,0.0009553482,0.0009917967,0.0009930976,0.001025847,0.001056553,0.001131213,0.001179527,0.001217885,0.001311139,0.001441635,0.001463910,0.00145163,0.001524231,0.001720754,0.001952041,0.002044778,0.002198853,0.002650471,0.002808457,0.00319618,0.003381709,0.003744104,0.003854862,0.00406121,0.004573171,0.005315057,0.005964215,0.00653493,0.007217295,0.007463637,0.00770695,0.00740341,0.006086244,0.006028402,0.006703011,0.007224966,0.008162206,0.00833155,0.008856993,0.008634104,0.009332833,0.009481503,0,0,0,0,0,0,0,0,0,0,0,0,0,0,0,0,0,0,0,0,0,0,0,0,0,0,0,0,0,0,0,0,0,0,0,0,0,0,0,0,0,0,0

Oceania.per_capita_animal_product_demand_scenario,0.1196234,0.1311199,0.1358961,0.1376774,0.1344089,0.1288387,0.1245417,0.1315470,0.1329531,0.1389285,0.1428714,0.1540658,0.1540958,0.1295016,0.1454947,0.1662040,0.1649720,0.1700207,0.1576385,0.1392957,0.1377505,0.1379456,0.1375598,0.1208229,0.1242051,0.1228960,0.1296368,0.1309483,0.1227077,0.1252321,0.1312105,0.1306648,0.1277343,0.1261526,0.1259466,0.1199606,0.1217243,0.1262956,0.1236083,0.1235439,0.1285457,0.1200162,0.1215636,0.1184596,0.1209178,0.1174949,0.1221655,0,0,0,0,0,0,0,0,0,0,0,0,0,0,0,0,0,0,0,0,0,0,0,0,0,0,0,0,0,0,0,0,0,0,0,0,0,0,0,0,0,0,0
...,0.7334933,0.7478648,0.74543,0.7485491,0.757322,0.766153,0.7716735,0.7239047,0.7345087,0.7266246,0.6973928,0.691327,0.6653103,0.6236108,0.6234614,0.6237276,0.5950481,0.5459977,0.5589042,0.552432,0.5355104,0.531382,0.5402619,0.5796965,0.5859696,0.5909937,0.548044,0.5548909,0.5330541,0.5347991,0.5449494,0.5560275,0.6033963,0.6512992,0.6280118,0.6627868,0.702065,0.7070047,0.704473,0.7603568,0.7690289,0.8044169,0.7793937,0.7806426,0.7565852,0.7605431,0.7494056,0,0,0,0,0,0,0,0,0,0,0,0,0,0,0,0,0,0,0,0,0,0,0,0,0,0,0,0,0,0,0,0,0,0,0,0,0,0,0,0,0,0,0
...,0.00959941,0.01010466,0.009698466,0.009538585,0.009725111,0.00990644,0.009920207,0.01014746,0.01063002,0.01120391,0.01160987,0.01191179,0.01351548,0.01206773,0.01019449,0.009948177,0.01062423,0.0110053,0.01075412,0.01159344,0.01188688,0.01178409,0.01218042,0.01267946,0.01295983,0.01318864,0.01332606,0.01368918,0.01384801,0.01388992,0.01352685,0.01432634,0.01389726,0.01428472,0.01431915,0.01350618,0.01365508,0.01429326,0.01386809,0.01370215,0.01353445,0.01463992,0.01478891,0.01402533,0.0136472,0.01334235,0.01310677,0,0,0,0,0,0,0,0,0,0,0,0,0,0,0,0,0,0,0,0,0,0,0,0,0,0,0,0,0,0,0,0,0,0,0,0,0,0,0,0,0,0,0
...,0.003445942,0.003548659,0.003409158,0.003849911,0.00460959,0.004347826,0.005391417,0.006025052,0.00632616,0.007129762,0.008607316,0.009007679,0.00886499,0.01068447,0.01019449,0.01078105,0.01130819,0.01280208,0.01367499,0.01521095,0.01489079,0.01381145,0.01463313,0.01411101,0.01609917,0.01627787,0.01694981,0.01710188,0.01743265,0.01778950,0.01776770,0.01871783,0.01935690,0.0200475,0.02034283,0.02063255,0.02299274,0.02436126,0.02334136,0.02441999,0.02450748,0.02610267,0.02681640,0.02662999,0.02848629,0.02865372,0.0297802,0,0,0,0,0,0,0,0,0,0,0,0,0,0,0,0,0,0,0,0,0,0,0,0,0,0,0,0,0,0,0,0,0,0,0,0,0,0,0,0,0,0,0

Oth_CEE_CIS.per_capita_animal_product_demand_scenario,0.01300737,0.01407663,0.01353708,0.01238152,0.01245542,0.01322982,0.01328360,0.01374122,0.01401484,0.01328446,0.01324358,0.0125155,0.01308905,0.01395482,0.01484987,0.01424797,0.01438957,0.01418878,0.01278011,0.01225852,0.01284235,0.01324240,0.01326514,0.01620911,0.01498524,0.01629582,0.01449018,0.01400295,0.01449668,0.01464588,0.01341026,0.02362154,0.02257752,0.02235100,0.02009145,0.01858424,0.01771857,0.01680669,0.01617997,0.01582893,0.01504595,0.01546635,0.01557341,0.01579385,0.01562976,0.01570524,0.01612889,0,0,0,0,0,0,0,0,0,0,0,0,0,0,0,0,0,0,0,0,0,0,0,0,0,0,0,0,0,0,0,0,0,0,0,0,0,0,0,0,0,0,0
...,0.1881692,0.1892459,0.1849740,0.1861265,0.1850007,0.1923141,0.1947412,0.1913050,0.18635,0.1796844,0.1784931,0.1806068,0.1865027,0.1913667,0.1937799,0.1966006,0.2008394,0.2026170,0.2081683,0.2075710,0.2093023,0.1963306,0.1897468,0.1943500,0.1961276,0.1951383,0.1931602,0.1904625,0.1844327,0.1812032,0.1834975,0.2475301,0.2419656,0.2385977,0.2285136,0.2145270,0.2016123,0.2031356,0.1997984,0.1953598,0.2018963,0.2017812,0.2123112,0.2164058,0.2253827,0.2263815,0.2258174,0,0,0,0,0,0,0,0,0,0,0,0,0,0,0,0,0,0,0,0,0,0,0,0,0,0,0,0,0,0,0,0,0,0,0,0,0,0,0,0,0,0,0
...,0.009974352,0.008745482,0.008541483,0.01026666,0.01204023,0.009060757,0.00944409,0.009792184,0.008542211,0.009877308,0.01091541,0.00983715,0.008666634,0.01065265,0.01060038,0.009819342,0.01086712,0.0124667,0.01153679,0.01102273,0.01139060,0.01125261,0.01102505,0.01234601,0.01128792,0.0105209,0.01115896,0.01079550,0.01028796,0.009994657,0.008696278,0.01238066,0.01058264,0.009807632,0.009417443,0.009400482,0.008762622,0.008642926,0.008770286,0.00875435,0.008189174,0.008438595,0.008364067,0.007912222,0.00774526,0.00803665,0.00895188,0,0,0,0,0,0,0,0,0,0,0,0,0,0,0,0,0,0,0,0,0,0,0,0,0,0,0,0,0,0,0,0,0,0,0,0,0,0,0,0,0,0,0
...,0.00272768,0.002675559,0.002644725,0.002730087,0.002887392,0.003057311,0.003202620,0.003502314,0.003841364,0.004301963,0.004487634,0.004563115,0.004875994,0.005429519,0.005837212,0.00616954,0.006265458,0.006873611,0.007055082,0.007599432,0.008068344,0.00800033,0.00730055,0.008031542,0.007682057,0.008347267,0.008879037,0.008910965,0.00840512,0.008707374,0.007832648,0.007064773,0.006102901,0.005343814,0.005030802,0.004465455,0.00448247,0.004621503,0.00505429,0.005225947,0.005342883,0.006044574,0.006985423,0.007378912,0.00829352,0.008720804,0.009921165,0,0,0,0,0,0,0,0,0,0,0,0,0,0,0,0,0,0,0,0,0,0,0,0,0,0,0,0,0,0,0,0,0,0,0,0,0,0,0,0,0,0,0

R_Europe.per_capita_animal_product_demand_scenario,0.02339942,0.02742211,0.02595356,0.02515788,0.02359310,0.02432132,0.02495757,0.02422864,0.02381886,0.02392298,0.02354758,0.02261836,0.02324474,0.02531286,0.02512753,0.02516257,0.02588966,0.02624894,0.02754018,0.02786639,0.02769202,0.02842763,0.02718501,0.02778547,0.02846387,0.02830533,0.02850658,0.0264345,0.0259007,0.02695730,0.02736340,0.02686855,0.02594810,0.02479339,0.02471142,0.02601820,0.02504654,0.02460398,0.0249182,0.02295109,0.02339278,0.02356043,0.02290014,0.02273281,0.02240671,0.02233429,0.02178753,0,0,0,0,0,0,0,0,0,0,0,0,0,0,0,0,0,0,0,0,0,0,0,0,0,0,0,0,0,0,0,0,0,0,0,0,0,0,0,0,0,0,0
...,0.5328783,0.5345711,0.5271619,0.5098872,0.5124094,0.5128671,0.5223121,0.5283821,0.5086258,0.5013128,0.4973943,0.5080506,0.5105268,0.5145051,0.5177593,0.5293563,0.532668,0.5388089,0.5472319,0.5533871,0.5533726,0.5576475,0.5599369,0.5682636,0.5611973,0.5583455,0.5499773,0.5473656,0.5513533,0.5456406,0.5409127,0.531332,0.5328473,0.5258264,0.5226165,0.514327,0.5099002,0.5035389,0.5131303,0.4914038,0.4890917,0.4856248,0.4699436,0.4690265,0.4663496,0.4627762,0.4675573,0,0,0,0,0,0,0,0,0,0,0,0,0,0,0,0,0,0,0,0,0,0,0,0,0,0,0,0,0,0,0,0,0,0,0,0,0,0,0,0,0,0,0
...,0.02610768,0.02507469,0.02542818,0.02608966,0.02716781,0.02654153,0.02725367,0.02907437,0.02960204,0.02927161,0.03030303,0.03153153,0.032676,0.03261282,0.03221236,0.03317312,0.03464508,0.03424593,0.03468371,0.0361231,0.03564412,0.03681611,0.03683429,0.03526262,0.03599302,0.03588386,0.03495234,0.03482497,0.03477326,0.03362989,0.03292435,0.03255733,0.03193613,0.03047521,0.03069688,0.02797381,0.02733119,0.02873273,0.02819028,0.02795860,0.02853588,0.02858555,0.0278891,0.02817244,0.02853228,0.02929875,0.02910305,0,0,0,0,0,0,0,0,0,0,0,0,0,0,0,0,0,0,0,0,0,0,0,0,0,0,0,0,0,0,0,0,0,0,0,0,0,0,0,0,0,0,0
...,0.0007583144,0.0009603073,0.001050751,0.001449425,0.001532019,0.001715612,0.001896775,0.001977848,0.00205842,0.002139453,0.002412662,0.002491854,0.002667429,0.002844141,0.002550538,0.002733013,0.003012615,0.003104714,0.003289783,0.003377744,0.003461502,0.003262187,0.003432919,0.0035078,0.003856395,0.003926224,0.004176123,0.004511007,0.004749955,0.004893238,0.005031336,0.005426221,0.00529376,0.00559573,0.00607097,0.006377009,0.006684718,0.006572295,0.00721537,0.00792856,0.0079635,0.008649806,0.00907827,0.00990501,0.009913758,0.00976625,0.01097328,0,0,0,0,0,0,0,0,0,0,0,0,0,0,0,0,0,0,0,0,0,0,0,0,0,0,0,0,0,0,0,0,0,0,0,0,0,0,0,0,0,0,0

R_SE_Asia.per_capita_animal_product_demand_scenario,0.003658636,0.003743711,0.003767484,0.003825100,0.003818808,0.003882165,0.003794513,0.003716566,0.003687676,0.003710778,0.003612554,0.003671162,0.003858052,0.00439254,0.003808916,0.003648251,0.003587988,0.003705724,0.003637125,0.003499992,0.003523731,0.003527225,0.003523055,0.003509375,0.003547517,0.003505856,0.003528296,0.003533689,0.003551507,0.003338782,0.003298381,0.003586433,0.003612915,0.003487842,0.003462327,0.003318511,0.00322074,0.003162718,0.003314098,0.003350217,0.003364485,0.003401807,0.003441403,0.003532608,0.003760882,0.003820924,0.004138248,0,0,0,0,0,0,0,0,0,0,0,0,0,0,0,0,0,0,0,0,0,0,0,0,0,0,0,0,0,0,0,0,0,0,0,0,0,0,0,0,0,0,0
...,0.001404655,0.001462511,0.001539485,0.001603831,0.001700506,0.001755538,0.001813860,0.001821050,0.001497500,0.001498460,0.001498959,0.001505176,0.002024582,0.002105853,0.002092623,0.002108622,0.002157162,0.002181725,0.002354973,0.002343562,0.002514095,0.002746650,0.003132662,0.003686006,0.003765546,0.00369248,0.003758875,0.003789445,0.003125326,0.003133949,0.003129645,0.003062262,0.00312552,0.003271277,0.003649076,0.003785234,0.003882982,0.004057692,0.004178645,0.00440344,0.004662458,0.004951145,0.005919479,0.006511402,0.007007593,0.00712473,0.0074728,0,0,0,0,0,0,0,0,0,0,0,0,0,0,0,0,0,0,0,0,0,0,0,0,0,0,0,0,0,0,0,0,0,0,0,0,0,0,0,0,0,0,0
...,0.005177624,0.005349294,0.005353385,0.005617174,0.005790515,0.006080155,0.006296389,0.006309362,0.006412202,0.006231792,0.005857856,0.005421082,0.005739301,0.005419216,0.00480676,0.004702562,0.004494542,0.005352712,0.005280373,0.005495602,0.006162781,0.006112881,0.006284368,0.007088473,0.00676799,0.006740664,0.007221913,0.007391336,0.007784068,0.007877887,0.008489012,0.008966083,0.009314668,0.009848024,0.01009192,0.01045166,0.01097947,0.01097502,0.01128480,0.01163741,0.01261426,0.01337483,0.01402804,0.01469408,0.01578730,0.0175405,0.01776327,0,0,0,0,0,0,0,0,0,0,0,0,0,0,0,0,0,0,0,0,0,0,0,0,0,0,0,0,0,0,0,0,0,0,0,0,0,0,0,0,0,0,0
...,0.001959984,0.001995056,0.00220479,0.002221268,0.002389504,0.002519125,0.00262697,0.002897432,0.002876255,0.002881159,0.00286621,0.002961404,0.003326525,0.003150029,0.003215911,0.003135041,0.003238473,0.00344905,0.003851689,0.003868413,0.004313447,0.004605395,0.004779928,0.004197306,0.004287908,0.004358993,0.004646387,0.00470164,0.00468799,0.004862741,0.005777189,0.00649105,0.006653334,0.006386778,0.006551156,0.00692367,0.007393227,0.007919274,0.007910959,0.008363417,0.0091473,0.00968673,0.00962995,0.008618514,0.009057807,0.00935919,0.00965066,0,0,0,0,0,0,0,0,0,0,0,0,0,0,0,0,0,0,0,0,0,0,0,0,0,0,0,0,0,0,0,0,0,0,0,0,0,0,0,0,0,0,0

R_S_Asia.per_capita_animal_product_demand_scenario,0.004387001,0.004459768,0.004468831,0.004507432,0.004464889,0.00443908,0.004454544,0.004445644,0.004450757,0.004451074,0.004452531,0.004455238,0.004470709,0.004503924,0.004527939,0.004574141,0.004615866,0.004735348,0.004765945,0.004465865,0.004540915,0.004644503,0.004689003,0.004802707,0.004975949,0.00521574,0.005313411,0.005414447,0.005518897,0.005655384,0.005772907,0.005927054,0.006062789,0.006240159,0.0064222,0.00515081,0.005469935,0.00544779,0.005457582,0.005465857,0.005461437,0.005485974,0.005519351,0.005550964,0.005596462,0.005938618,0.005999503,0,0,0,0,0,0,0,0,0,0,0,0,0,0,0,0,0,0,0,0,0,0,0,0,0,0,0,0,0,0,0,0,0,0,0,0,0,0,0,0,0,0,0
...,0.05689808,0.05696504,0.057317,0.05779468,0.05784767,0.0564548,0.05622252,0.05641196,0.05648849,0.05636038,0.05602283,0.05569897,0.05526921,0.05490063,0.05469081,0.05477763,0.05445233,0.05453631,0.05424975,0.05226716,0.05201453,0.05196256,0.05181731,0.0531201,0.05461821,0.05679405,0.05835154,0.06047566,0.06184228,0.06342567,0.06475439,0.06626724,0.0678801,0.06965489,0.0716594,0.08276128,0.08317678,0.08281762,0.08321584,0.08363157,0.08407732,0.08482494,0.08564969,0.08653924,0.08743161,0.09065922,0.0919489,0,0,0,0,0,0,0,0,0,0,0,0,0,0,0,0,0,0,0,0,0,0,0,0,0,0,0,0,0,0,0,0,0,0,0,0,0,0,0,0,0,0,0
...,2.95421e-05,2.89126e-05,3.535468e-05,3.456619e-05,3.377374e-05,3.297979e-05,3.218601e-05,3.139579e-05,3.061043e-05,2.983294e-05,3.487622e-05,3.396624e-05,3.307553e-05,3.220923e-05,3.13714e-05,3.056219e-05,2.977978e-05,2.902154e-05,3.771272e-05,3.675609e-05,3.582576e-05,3.928621e-05,3.403995e-05,3.317933e-05,3.233760e-05,3.151505e-05,3.455253e-05,3.741843e-05,3.647651e-05,4.268215e-05,4.163154e-05,4.061945e-05,3.964766e-05,4.194523e-05,4.098606e-05,4.31546e-05,4.221560e-05,4.426698e-05,4.622621e-05,4.809501e-05,4.710524e-05,4.886073e-05,4.787871e-05,4.432428e-05,4.601933e-05,4.514152e-05,4.429494e-05,0,0,0,0,0,0,0,0,0,0,0,0,0,0,0,0,0,0,0,0,0,0,0,0,0,0,0,0,0,0,0,0,0,0,0,0,0,0,0,0,0,0,0
...,0.0002880355,0.0003108104,0.0003747596,0.0003940546,0.0004323039,0.000474909,0.0004956645,0.0005211702,0.0005326215,0.0005548926,0.000528956,0.0004925104,0.0004851077,0.0004885067,0.0004862567,0.0004889951,0.0004615866,0.0005755939,0.0006222599,0.0005697194,0.0006000815,0.0006198491,0.0006978189,0.0006843236,0.0007680181,0.0008469669,0.0008791698,0.0009579118,0.00102499,0.0009745757,0.000940179,0.001008716,0.001357933,0.001477763,0.001513332,0.001590555,0.001673547,0.001348667,0.001409899,0.001471142,0.001548931,0.001596117,0.001638516,0.001658249,0.001669479,0.001941085,0.002084323,0,0,0,0,0,0,0,0,0,0,0,0,0,0,0,0,0,0,0,0,0,0,0,0,0,0,0,0,0,0,0,0,0,0,0,0,0,0,0,0,0,0,0

Russia.per_capita_animal_product_demand_scenario,0,0,0,0,0,0,0,0,0,0,0,0,0,0,0,0,0,0,0,0,0,0,0,0,0,0,0,0,0,0,0,0.02722406,0.02557672,0.02443307,0.02068729,0.01983356,0.01809423,0.01698635,0.01425903,0.01443376,0.01432465,0.01502006,0.01531142,0.01527832,0.01430467,0.01413737,0.01422422,0,0,0,0,0,0,0,0,0,0,0,0,0,0,0,0,0,0,0,0,0,0,0,0,0,0,0,0,0,0,0,0,0,0,0,0,0,0,0,0,0,0,0
...,0,0,0,0,0,0,0,0,0,0,0,0,0,0,0,0,0,0,0,0,0,0,0,0,0,0,0,0,0,0,0,0.3284037,0.3233734,0.2907549,0.2707529,0.2466213,0.2353466,0.2295392,0.2235454,0.2243472,0.2296531,0.2350229,0.2353629,0.2280557,0.2217364,0.2248579,0.2310256,0,0,0,0,0,0,0,0,0,0,0,0,0,0,0,0,0,0,0,0,0,0,0,0,0,0,0,0,0,0,0,0,0,0,0,0,0,0,0,0,0,0,0
...,0,0,0,0,0,0,0,0,0,0,0,0,0,0,0,0,0,0,0,0,0,0,0,0,0,0,0,0,0,0,0,0.01872327,0.01635189,0.01414723,0.01255918,0.01149821,0.01044573,0.01019316,0.01008797,0.01069748,0.01025732,0.01089178,0.01179823,0.01142051,0.01061675,0.01151337,0.01319562,0,0,0,0,0,0,0,0,0,0,0,0,0,0,0,0,0,0,0,0,0,0,0,0,0,0,0,0,0,0,0,0,0,0,0,0,0,0,0,0,0,0,0
...,0,0,0,0,0,0,0,0,0,0,0,0,0,0,0,0,0,0,0,0,0,0,0,0,0,0,0,0,0,0,0,0.009603745,0.008586086,0.007184614,0.005784629,0.004653233,0.004256670,0.004673277,0.005081349,0.00514761,0.005902412,0.006453877,0.007123197,0.008007563,0.00940141,0.01108539,0.01316744,0,0,0,0,0,0,0,0,0,0,0,0,0,0,0,0,0,0,0,0,0,0,0,0,0,0,0,0,0,0,0,0,0,0,0,0,0,0,0,0,0,0,0

S_S_AFR.per_capita_animal_product_demand_scenario,0.01194274,0.01179757,0.01182396,0.01198174,0.01193213,0.01198374,0.01181274,0.01177923,0.01191879,0.01179946,0.01154108,0.01145946,0.01121754,0.01094538,0.01065695,0.01086142,0.01098319,0.01130456,0.01133100,0.01122943,0.01080122,0.01081844,0.01073751,0.01068027,0.01057520,0.01002213,0.00958277,0.009400448,0.009338031,0.009388437,0.009482112,0.009416327,0.009004342,0.008715801,0.008509446,0.008456479,0.008465115,0.008468227,0.00864855,0.00874031,0.008619754,0.008735497,0.008782311,0.00873526,0.008932068,0.009072578,0.008943868,0,0,0,0,0,0,0,0,0,0,0,0,0,0,0,0,0,0,0,0,0,0,0,0,0,0,0,0,0,0,0,0,0,0,0,0,0,0,0,0,0,0,0
...,0.0334866,0.03279924,0.03197059,0.0305368,0.03197487,0.03182981,0.03214814,0.0326183,0.03187291,0.03165990,0.0305293,0.03041475,0.02889166,0.02721248,0.02730527,0.02731645,0.02748320,0.02756319,0.02819661,0.02812881,0.02831731,0.02870768,0.02872371,0.02511077,0.02579904,0.02650716,0.02653399,0.02697289,0.02724305,0.02731691,0.02628447,0.02584917,0.02560131,0.02572626,0.02635701,0.02568836,0.02576855,0.0261836,0.02651319,0.02645828,0.02754155,0.02846373,0.02859687,0.02828656,0.02815828,0.02858373,0.02922437,0,0,0,0,0,0,0,0,0,0,0,0,0,0,0,0,0,0,0,0,0,0,0,0,0,0,0,0,0,0,0,0,0,0,0,0,0,0,0,0,0,0,0
...,0.0007464214,0.0007659677,0.0007676842,0.0007964055,0.0007921266,0.0007948976,0.0008335384,0.000833706,0.0008749974,0.000855673,0.0008697147,0.0009144388,0.0009246084,0.000887463,0.0008779449,0.0008909418,0.0008853797,0.0008656029,0.0008567666,0.0008632095,0.0008786754,0.0008829401,0.0008792732,0.0008911676,0.0009083542,0.0009476889,0.001000965,0.001015878,0.001092981,0.001111229,0.001045213,0.001081012,0.001044988,0.001032933,0.001243844,0.001224743,0.001222116,0.001167601,0.001153343,0.001114048,0.001123938,0.001139903,0.001117398,0.001153156,0.001189196,0.001165379,0.001180795,0,0,0,0,0,0,0,0,0,0,0,0,0,0,0,0,0,0,0,0,0,0,0,0,0,0,0,0,0,0,0,0,0,0,0,0,0,0,0,0,0,0,0
...,0.0009938068,0.001032391,0.001060135,0.001121307,0.001159210,0.001209299,0.001274175,0.001320333,0.001439737,0.001487241,0.001511253,0.001561630,0.001639221,0.001619391,0.001732162,0.00182225,0.001849211,0.001910859,0.001914503,0.001919100,0.001954554,0.001938102,0.001994276,0.001947281,0.002041571,0.00207929,0.002058708,0.002070592,0.002078651,0.002353873,0.002238936,0.002189461,0.002148723,0.002168118,0.002221030,0.002267007,0.002308085,0.002254031,0.002276255,0.002394240,0.002570449,0.002591587,0.002503138,0.002499624,0.002510671,0.002513487,0.002502488,0,0,0,0,0,0,0,0,0,0,0,0,0,0,0,0,0,0,0,0,0,0,0,0,0,0,0,0,0,0,0,0,0,0,0,0,0,0,0,0,0,0,0

S_o_Amer.per_capita_animal_product_demand_scenario,0.04888739,0.05131587,0.05347468,0.04650994,0.04460174,0.04690177,0.04831157,0.04934669,0.05216552,0.04935089,0.04091081,0.04099354,0.03865856,0.03917474,0.04188678,0.04572763,0.04519364,0.04691728,0.04455789,0.04242353,0.04335801,0.03922246,0.03801227,0.03681005,0.03858402,0.03877745,0.03412625,0.03448595,0.03562974,0.03992657,0.03809319,0.03584527,0.03568861,0.03527960,0.03431523,0.03469200,0.03540155,0.03335773,0.03384686,0.03397756,0.03106972,0.03124825,0.03170984,0.03397364,0.03488466,0.03503258,0.03546453,0,0,0,0,0,0,0,0,0,0,0,0,0,0,0,0,0,0,0,0,0,0,0,0,0,0,0,0,0,0,0,0,0,0,0,0,0,0,0,0,0,0,0
...,0.1189736,0.1165071,0.1188367,0.1197625,0.1183530,0.1228714,0.1156131,0.1189894,0.1193503,0.1160637,0.1205712,0.1243728,0.1176701,0.1149381,0.1184669,0.1198278,0.1131945,0.1069168,0.1077287,0.1077227,0.109187,0.1089933,0.1091927,0.1084928,0.1105934,0.1089193,0.1173530,0.1157509,0.1196480,0.1165124,0.1160807,0.1211773,0.1257068,0.1297615,0.1373297,0.1403787,0.1420235,0.1454528,0.1472303,0.1441073,0.1447948,0.1513156,0.1449245,0.1460888,0.1550842,0.1619838,0.1586007,0,0,0,0,0,0,0,0,0,0,0,0,0,0,0,0,0,0,0,0,0,0,0,0,0,0,0,0,0,0,0,0,0,0,0,0,0,0,0,0,0,0,0
...,0.005878451,0.00537764,0.005195319,0.00510475,0.005688577,0.005864158,0.005805923,0.005364724,0.005585334,0.005626631,0.006104869,0.005778957,0.006415342,0.00619708,0.006331722,0.006328418,0.006071189,0.005919388,0.006261403,0.006379037,0.006368695,0.006157903,0.006151592,0.00605139,0.006020952,0.006278818,0.006299224,0.006431395,0.006145466,0.005822197,0.00585377,0.006167709,0.006548309,0.006775973,0.006771755,0.006522808,0.006349782,0.006195433,0.00677406,0.006771266,0.006923978,0.007040673,0.007094593,0.007038254,0.007533018,0.008169126,0.008694191,0,0,0,0,0,0,0,0,0,0,0,0,0,0,0,0,0,0,0,0,0,0,0,0,0,0,0,0,0,0,0,0,0,0,0,0,0,0,0,0,0,0,0
...,0.002432014,0.002561989,0.002820316,0.003246283,0.003910161,0.003943934,0.004132649,0.004388323,0.004620497,0.005186559,0.00540834,0.005748911,0.005886444,0.007011226,0.007146604,0.007161828,0.007217372,0.007250374,0.007649019,0.008499795,0.009200138,0.009928211,0.009420364,0.00938583,0.009576037,0.01002239,0.01109448,0.01155942,0.00970006,0.01013747,0.01186212,0.01318636,0.01496849,0.01616054,0.01737646,0.01726300,0.01766449,0.01874699,0.01995300,0.02087374,0.02222273,0.02096494,0.02003309,0.02118029,0.02287925,0.02492222,0.02557856,0,0,0,0,0,0,0,0,0,0,0,0,0,0,0,0,0,0,0,0,0,0,0,0,0,0,0,0,0,0,0,0,0,0,0,0,0,0,0,0,0,0,0

USA.per_capita_animal_product_demand_scenario,0.04246457,0.04164018,0.04342397,0.04758619,0.04751997,0.049034,0.04937781,0.0500953,0.04999277,0.05058626,0.05052398,0.05094878,0.04797,0.05165792,0.05364478,0.05715126,0.05517343,0.05208717,0.0455841,0.04546148,0.04655491,0.04639729,0.04729988,0.04755007,0.04733762,0.04808345,0.04592094,0.04545199,0.04398288,0.04283444,0.04254181,0.04228515,0.04158684,0.04325252,0.04412743,0.04413884,0.04343096,0.04317586,0.0437987,0.04388171,0.04230657,0.04339323,0.04164646,0.0381561,0.03800278,0.03988917,0.03988026,0,0,0,0,0,0,0,0,0,0,0,0,0,0,0,0,0,0,0,0,0,0,0,0,0,0,0,0,0,0,0,0,0,0,0,0,0,0,0,0,0,0,0
...,0.3057988,0.3033123,0.2962953,0.2965068,0.286298,0.2729401,0.2676632,0.2615623,0.2565400,0.2560822,0.2570955,0.2577682,0.2455006,0.2435433,0.2409862,0.2485811,0.2515403,0.2465983,0.2480735,0.2561000,0.2624797,0.2654611,0.2709409,0.2600789,0.2722225,0.2691727,0.2651999,0.2665483,0.2615506,0.2653052,0.2621873,0.2646653,0.2611028,0.2629976,0.2624331,0.2568678,0.256983,0.2559564,0.2614215,0.2661391,0.2596539,0.2644749,0.2622151,0.2605088,0.2671293,0.2719261,0.2750183,0,0,0,0,0,0,0,0,0,0,0,0,0,0,0,0,0,0,0,0,0,0,0,0,0,0,0,0,0,0,0,0,0,0,0,0,0,0,0,0,0,0,0
...,0.02734773,0.02794940,0.02896815,0.02879830,0.02533429,0.02550383,0.02801463,0.02881343,0.02830852,0.02907421,0.03172238,0.02896288,0.0268777,0.02883854,0.02381474,0.02546639,0.02692578,0.02696920,0.03082336,0.03284104,0.03109562,0.02761672,0.02923545,0.02821094,0.027908,0.02622696,0.02650536,0.02858429,0.02847749,0.02732427,0.02814149,0.02995134,0.02934629,0.03002577,0.02991709,0.02832884,0.02822742,0.03067777,0.03078069,0.02986708,0.02986649,0.03036982,0.03049898,0.03102851,0.03099349,0.03124008,0.03223789,0,0,0,0,0,0,0,0,0,0,0,0,0,0,0,0,0,0,0,0,0,0,0,0,0,0,0,0,0,0,0,0,0,0,0,0,0,0,0,0,0,0,0
...,0.01746893,0.01683737,0.01729764,0.01771227,0.01860589,0.02006387,0.02070540,0.02003229,0.02088934,0.02217565,0.02217491,0.02305965,0.02243526,0.02234964,0.02158753,0.02405536,0.02420587,0.02525560,0.02755542,0.02826961,0.02980015,0.02963213,0.03009607,0.03095688,0.03212225,0.03375092,0.03670098,0.0377012,0.03986532,0.04221451,0.04390662,0.04600943,0.04709945,0.04955169,0.0510885,0.05315124,0.0540374,0.05399829,0.05637035,0.05703129,0.05777763,0.05808326,0.05818246,0.06004916,0.06151463,0.06176704,0.06166376,0,0,0,0,0,0,0,0,0,0,0,0,0,0,0,0,0,0,0,0,0,0,0,0,0,0,0,0,0,0,0,0,0,0,0,0,0,0,0,0,0,0,0

