BRAZIL.potential_commodity_crop_yield,0.001312312,0.001304770,0.001309221,0.001160642,0.001380853,0.001306593,0.001382786,0.001336924,0.001314866,0.001442061,0.001339245,0.001412994,0.001429516,0.001524779,0.001504832,0.001596667,0.001632216,0.001219743,0.001440635,0.001779021,0.001833017,0.001730853,0.001749598,0.001760975,0.001866218,0.001648558,0.001984288,0.00187753,0.002058201,0.001873551,0.001808393,0.002282776,0.002532128,0.002362941,0.002600475,0.002696978,0.00262281,0.002796448,0.002759127,0.002744746,0.003402618,0.003057893,0.003727319,0.003367062,0.003040270,0.003382333,0.003785188,0.004079954,0.003714457,0.004374661,0,0,0,0,0,0,0,0,0,0,0,0,0,0,0,0,0,0,0,0,0,0,0,0,0,0,0,0,0,0,0,0,0,0,0,0,0,0,0,0
...,0.0005330092,0.0009491028,0.0004944751,0.0008765085,0.0007635709,0.000857285,0.000757401,0.000882533,0.0009762423,0.0009730959,0.0008864663,0.0004236715,0.001104355,0.001156761,0.000609986,0.0009084322,0.0006551931,0.0009572067,0.0007640594,0.0008653154,0.001150765,0.0006460379,0.001190317,0.001138654,0.001614010,0.001446607,0.001765381,0.001652817,0.001692455,0.001153973,0.001423214,0.001429521,0.001482462,0.001554109,0.00154199,0.001833406,0.001635889,0.001611137,0.001969866,0.001558805,0.001947997,0.001475443,0.002403495,0.002072816,0.001978356,0.001621501,0.002223075,0.002546283,0.002074620,0.002767742,0,0,0,0,0,0,0,0,0,0,0,0,0,0,0,0,0,0,0,0,0,0,0,0,0,0,0,0,0,0,0,0,0,0,0,0,0,0,0,0
...,0.001698933,0.001658849,0.001542283,0.001517069,0.001641008,0.001448696,0.001582790,0.001491919,0.001383836,0.001516936,0.001383959,0.001491450,0.001493302,0.001449992,0.001466480,0.001465802,0.001500929,0.001297433,0.001393082,0.001565834,0.001348515,0.001615784,0.001515539,0.001686895,0.001898033,0.001860996,0.001737511,0.001980631,0.002099251,0.001880292,0.002302021,0.002134896,0.002291219,0.002387605,0.002566822,0.002656549,0.002730973,0.002519786,0.003070777,0.003033904,0.003240588,0.003324073,0.003248996,0.003556514,0.003369094,0.003879842,0.003826001,0.004231096,0.004404918,0.004173565,0,0,0,0,0,0,0,0,0,0,0,0,0,0,0,0,0,0,0,0,0,0,0,0,0,0,0,0,0,0,0,0,0,0,0,0,0,0,0,0
...,0.0007247028,0.0008451673,0.0007167203,0.000851226,0.000810785,0.0008140799,0.0007910368,0.0009070466,0.000956588,0.0009527126,0.0008821006,0.000900661,0.001398492,0.001597408,0.001539562,0.001711829,0.001753928,0.001587927,0.001227327,0.001394159,0.001410806,0.001005604,0.001249243,0.001374003,0.001372012,0.0015656,0.001667032,0.001302282,0.001474686,0.001280327,0.001113451,0.001344368,0.001344338,0.001300120,0.001403181,0.001711522,0.001666383,0.001583014,0.001612365,0.001389855,0.001729806,0.001579783,0.002169127,0.002088070,0.001794996,0.001923836,0.002069868,0.002348965,0.002235855,0.002383101,0,0,0,0,0,0,0,0,0,0,0,0,0,0,0,0,0,0,0,0,0,0,0,0,0,0,0,0,0,0,0,0,0,0,0,0,0,0,0,0
...,0.002072073,0.002188785,0.002067743,0.001949459,0.001948004,0.002047667,0.001878853,0.001921743,0.001972363,0.001812545,0.001798933,0.001828571,0.001694534,0.001703800,0.00184142,0.001852207,0.001932767,0.001388571,0.001403726,0.001817135,0.001855868,0.001677323,0.001896759,0.001775262,0.001958490,0.001605521,0.001966301,0.001875271,0.002061518,0.001851055,0.001726657,0.002174100,0.002193671,0.002254003,0.002299991,0.002332225,0.002424787,0.002495457,0.002537096,0.002582971,0.002997389,0.002832646,0.002995971,0.002536287,0.002441336,0.002573514,0.003037738,0.003066909,0.002850626,0.003111973,0,0,0,0,0,0,0,0,0,0,0,0,0,0,0,0,0,0,0,0,0,0,0,0,0,0,0,0,0,0,0,0,0,0,0,0,0,0,0,0
...,0.04344773,0.04263852,0.04222828,0.04369821,0.04448642,0.04633904,0.04586407,0.04541954,0.04500155,0.04623035,0.04651644,0.04721172,0.04696495,0.04649398,0.04647735,0.04928301,0.05289863,0.05400258,0.05474974,0.05700617,0.05517715,0.06051519,0.06210119,0.06081224,0.06318928,0.06044673,0.062317,0.0627959,0.06202276,0.06147872,0.06195467,0.06459692,0.06328933,0.06722314,0.06661439,0.06675494,0.06888398,0.06924739,0.06814838,0.06762395,0.06978028,0.07144249,0.07373125,0.07372606,0.07285428,0.07511777,0.07763214,0.0792743,0.07886001,0.0791956,0,0,0,0,0,0,0,0,0,0,0,0,0,0,0,0,0,0,0,0,0,0,0,0,0,0,0,0,0,0,0,0,0,0,0,0,0,0,0,0

CAN.potential_commodity_crop_yield,0.004850315,0.005061628,0.004308647,0.005183546,0.005137515,0.005277207,0.005405133,0.005430542,0.004882608,0.005370183,0.005321143,0.004844201,0.005425411,0.0045938,0.0058891,0.005445984,0.005902578,0.005374469,0.005670059,0.005740629,0.005955936,0.005996005,0.005602813,0.005999829,0.00629732,0.006034018,0.007134917,0.005582266,0.006457897,0.006945853,0.006777343,0.005827215,0.006496918,0.007485216,0.007344886,0.007003149,0.006990745,0.008076098,0.008037376,0.006341723,0.006671561,0.00706061,0.00788622,0.008304864,0.008638811,0.008522953,0.008564084,0.009083963,0.008427667,0.009751981,0,0,0,0,0,0,0,0,0,0,0,0,0,0,0,0,0,0,0,0,0,0,0,0,0,0,0,0,0,0,0,0,0,0,0,0,0,0,0,0
...,0.000752855,0.001418318,0.001765059,0.001360376,0.001543176,0.001873901,0.001323858,0.001485484,0.001808432,0.001786351,0.001835144,0.0016799,0.001687643,0.001488420,0.001801991,0.002096323,0.001963165,0.001998733,0.001634119,0.001721209,0.00199588,0.002133616,0.001934505,0.001609913,0.001766480,0.002205153,0.001927893,0.001229344,0.001807664,0.002276885,0.002255897,0.002160286,0.002202874,0.002127777,0.002246957,0.002429968,0.002127922,0.00225545,0.002598474,0.002444653,0.001945811,0.001832607,0.002255345,0.002641496,0.002737697,0.002609067,0.00232207,0.002851356,0.002785157,0.002802205,0,0,0,0,0,0,0,0,0,0,0,0,0,0,0,0,0,0,0,0,0,0,0,0,0,0,0,0,0,0,0,0,0,0,0,0,0,0,0,0
...,0,0,0,0,0,0,0,0,0,0,0,0,0,0,0,0,0,0,0,0,0,0,0,0,0,0,0,0,0,0,0,0,0,0,0,0,0,0,0,0,0,0,0,0,0,0,0,0,0,0,0,0,0,0,0,0,0,0,0,0,0,0,0,0,0,0,0,0,0,0,0,0,0,0,0,0,0,0,0,0,0,0,0,0,0,0,0,0,0,0
...,0.001257973,0.001781098,0.001882812,0.001694434,0.001898546,0.001992740,0.001661427,0.001942051,0.002013241,0.002118153,0.002218865,0.002125951,0.002038533,0.001790334,0.002055986,0.002259261,0.002327624,0.002308917,0.002170251,0.002302315,0.002389523,0.002559759,0.00222437,0.002183364,0.002481901,0.002835615,0.002634866,0.002253727,0.002332157,0.002747870,0.002587607,0.002712668,0.002925164,0.002671319,0.002778294,0.002934505,0.002693564,0.002753089,0.003000622,0.00281907,0.002452341,0.002140331,0.002596359,0.003008692,0.002965364,0.002753737,0.002638224,0.003151916,0.003077813,0.002973152,0,0,0,0,0,0,0,0,0,0,0,0,0,0,0,0,0,0,0,0,0,0,0,0,0,0,0,0,0,0,0,0,0,0,0,0,0,0,0,0
...,0.0006489256,0.0008629555,0.0008979225,0.0008168753,0.0008984385,0.0009197521,0.0008516515,0.001010964,0.0008968681,0.001007438,0.0009913188,0.001039043,0.001007355,0.0008793758,0.001032505,0.001137259,0.001393782,0.001256829,0.001063699,0.001232881,0.001333986,0.001382979,0.001210327,0.001181863,0.001358459,0.001512707,0.001557688,0.001202054,0.001195002,0.001442912,0.001482802,0.001435624,0.001475322,0.001410468,0.001396779,0.001624748,0.001474458,0.001551045,0.001696496,0.001609160,0.001319705,0.001392344,0.001473222,0.001677261,0.001894677,0.001845545,0.001589353,0.001996032,0.001982551,0.001967059,0,0,0,0,0,0,0,0,0,0,0,0,0,0,0,0,0,0,0,0,0,0,0,0,0,0,0,0,0,0,0,0,0,0,0,0,0,0,0,0
...,0.02918645,0.02927219,0.03026859,0.02871875,0.03011916,0.03214965,0.02909172,0.03090322,0.03050872,0.02988868,0.03361265,0.03089932,0.03246931,0.02749559,0.02930405,0.03608723,0.03948594,0.03830643,0.03600168,0.03316146,0.04149881,0.03567944,0.03777994,0.03375912,0.03333333,0.04039744,0.04376106,0.03480583,0.03663717,0.03907469,0.04361809,0.03423213,0.03517071,0.04279608,0.0415749,0.04429122,0.04484463,0.04835165,0.04275287,0.04945783,0.04652137,0.03412871,0.0562314,0.05238732,0.04535821,0.05806,0.05521739,0.04995652,0.06033945,0.04495575,0,0,0,0,0,0,0,0,0,0,0,0,0,0,0,0,0,0,0,0,0,0,0,0,0,0,0,0,0,0,0,0,0,0,0,0,0,0,0,0

CHIHKG.potential_commodity_crop_yield,0.001184824,0.001270578,0.001340415,0.001479183,0.001511526,0.001714146,0.001935793,0.001817521,0.001776934,0.002089116,0.002146090,0.001925025,0.002334355,0.002468307,0.002542198,0.002507178,0.00251575,0.002803143,0.002985086,0.003078496,0.003050693,0.003268588,0.003625526,0.00396199,0.003610251,0.003707366,0.003923040,0.003930626,0.003881322,0.0045255,0.00458029,0.004535343,0.004964907,0.004696022,0.004918276,0.005203899,0.004390162,0.005268609,0.004945754,0.004599168,0.00469975,0.004926774,0.004814885,0.005121851,0.005288438,0.005327654,0.005168067,0.005556757,0.00525989,0.005460327,0,0,0,0,0,0,0,0,0,0,0,0,0,0,0,0,0,0,0,0,0,0,0,0,0,0,0,0,0,0,0,0,0,0,0,0,0,0,0,0
...,0.0005590732,0.0006940654,0.0007782082,0.000821523,0.001022164,0.001058557,0.001127461,0.001114907,0.001085646,0.001147579,0.001271806,0.001369524,0.001333689,0.001511625,0.001639757,0.001775417,0.001465385,0.001845387,0.00214035,0.001892190,0.002109171,0.002451703,0.002801640,0.002969036,0.002936666,0.003040256,0.0029829,0.002967889,0.003043037,0.003194096,0.003100362,0.003331086,0.003518607,0.003426027,0.003541103,0.003733008,0.004100272,0.003684312,0.003944652,0.003736778,0.003801068,0.003769717,0.003924695,0.004234125,0.004247496,0.004553939,0.004582762,0.004728676,0.004713434,0.004720719,0,0,0,0,0,0,0,0,0,0,0,0,0,0,0,0,0,0,0,0,0,0,0,0,0,0,0,0,0,0,0,0,0,0,0,0,0,0,0,0
...,0.002078683,0.002369983,0.002683316,0.002828917,0.002966705,0.003144453,0.003100643,0.003186802,0.003141474,0.003416164,0.003314544,0.003247495,0.003481836,0.003503270,0.003528296,0.003495667,0.003637264,0.003980948,0.00424906,0.004143454,0.004331508,0.004888847,0.005091763,0.0053634,0.005249756,0.00532724,0.005403465,0.00528187,0.005500544,0.005716604,0.005623845,0.005795852,0.005846203,0.005828766,0.006020995,0.006205006,0.006311139,0.006352918,0.00633444,0.00626418,0.006152374,0.006185535,0.006060625,0.006308513,0.006252667,0.006276321,0.006422315,0.006553474,0.006582018,0.006548226,0,0,0,0,0,0,0,0,0,0,0,0,0,0,0,0,0,0,0,0,0,0,0,0,0,0,0,0,0,0,0,0,0,0,0,0,0,0,0,0
...,0.0009293927,0.0008645273,0.0009288562,0.001051467,0.001073887,0.001150441,0.001227674,0.001190961,0.001150002,0.001316899,0.001342802,0.001186854,0.001283193,0.001399297,0.001506960,0.001591963,0.001565902,0.001764685,0.001882543,0.001767150,0.001866141,0.001984897,0.002146049,0.002235347,0.002030590,0.001838494,0.002004480,0.002061519,0.001879394,0.002255616,0.002072018,0.002194683,0.002470446,0.002722149,0.002412095,0.00272731,0.002380699,0.002517083,0.002248362,0.002065923,0.002223741,0.002461683,0.002612843,0.002614344,0.002726984,0.002475169,0.002402217,0.002382637,0.002265452,0.002423186,0,0,0,0,0,0,0,0,0,0,0,0,0,0,0,0,0,0,0,0,0,0,0,0,0,0,0,0,0,0,0,0,0,0,0,0,0,0,0,0
...,0.0008071848,0.000855798,0.000961002,0.001073623,0.001138983,0.001378550,0.001388862,0.001420768,0.001347725,0.001546663,0.001530795,0.001328245,0.001596449,0.001555872,0.001515847,0.001380210,0.001461632,0.001503644,0.001504501,0.001597683,0.001680991,0.001760589,0.002065578,0.002356403,0.001934004,0.001823664,0.001946634,0.001873764,0.001783653,0.002047374,0.002117235,0.002011167,0.002057569,0.002173400,0.002224523,0.002278569,0.002293256,0.002292109,0.002277321,0.002263607,0.002349068,0.002438907,0.002270157,0.002605094,0.002522985,0.002678818,0.002764007,0.002816957,0.002681514,0.002700275,0,0,0,0,0,0,0,0,0,0,0,0,0,0,0,0,0,0,0,0,0,0,0,0,0,0,0,0,0,0,0,0,0,0,0,0,0,0,0,0
...,0.02647303,0.03036223,0.04182159,0.03864510,0.03947412,0.03575915,0.03582069,0.03560906,0.03295995,0.03224454,0.03171828,0.03117664,0.03071441,0.03227203,0.02911169,0.02825445,0.03209820,0.03241987,0.03619763,0.0370376,0.04090792,0.04278268,0.03699945,0.04159522,0.0419421,0.04213705,0.04284924,0.03951394,0.04058166,0.04461411,0.04425664,0.04768653,0.04626658,0.04343471,0.04480739,0.04630038,0.05878209,0.06015153,0.06270552,0.0509781,0.05266351,0.05692283,0.05847182,0.06121045,0.06057529,0.06388817,0.06767075,0.06747998,0.06517038,0.06308045,0,0,0,0,0,0,0,0,0,0,0,0,0,0,0,0,0,0,0,0,0,0,0,0,0,0,0,0,0,0,0,0,0,0,0,0,0,0,0,0

C_C_Amer.potential_commodity_crop_yield,0.0009768176,0.0009879075,0.0009832046,0.001104474,0.001128860,0.001100576,0.001101845,0.001154443,0.001163391,0.001189512,0.001252649,0.001227385,0.001166082,0.001182299,0.001279051,0.001184137,0.001315305,0.001464147,0.001481283,0.001726235,0.001740514,0.001720085,0.001740536,0.001786173,0.001792671,0.001776095,0.001666829,0.001632208,0.001698666,0.001933319,0.001934198,0.002175268,0.002250992,0.002090621,0.002163026,0.002116468,0.002184488,0.002160893,0.002294594,0.002292215,0.002408969,0.002510741,0.002553855,0.002608662,0.002632611,0.002739227,0.002963498,0.003062455,0.002896389,0.002917378,0,0,0,0,0,0,0,0,0,0,0,0,0,0,0,0,0,0,0,0,0,0,0,0,0,0,0,0,0,0,0,0,0,0,0,0,0,0,0,0
...,0.001638301,0.001888969,0.002027043,0.002610950,0.002457563,0.002200507,0.002642487,0.00257392,0.002702948,0.002949945,0.002893784,0.002572750,0.003195808,0.003471426,0.003479288,0.00366293,0.003330432,0.003500043,0.003773053,0.003718572,0.003641145,0.004274974,0.003964386,0.004306853,0.004215826,0.003920221,0.004407345,0.003956877,0.003785492,0.004171703,0.004097998,0.003924343,0.004048224,0.004270232,0.003706069,0.00413647,0.004688154,0.004176077,0.004600623,0.004901949,0.004732505,0.005060179,0.00445418,0.004448648,0.004715051,0.005186801,0.005053166,0.004986824,0.004937309,0.005372566,0,0,0,0,0,0,0,0,0,0,0,0,0,0,0,0,0,0,0,0,0,0,0,0,0,0,0,0,0,0,0,0,0,0,0,0,0,0,0,0
...,0.001641767,0.001617939,0.001735205,0.001737346,0.001928687,0.001941604,0.001958995,0.001964632,0.002029083,0.002184945,0.002274868,0.002215917,0.002197710,0.002365336,0.002437855,0.002393861,0.002629283,0.002794486,0.002844319,0.003121154,0.003177595,0.00306482,0.003316785,0.003309979,0.003340096,0.003280096,0.003289947,0.003233585,0.003258106,0.003265033,0.003287675,0.003211146,0.003271243,0.003114153,0.003292897,0.003207867,0.003432033,0.003162593,0.003598168,0.003395175,0.003410626,0.003503465,0.003413201,0.003208247,0.003453775,0.003634809,0.003651867,0.003664328,0.003540965,0.003654213,0,0,0,0,0,0,0,0,0,0,0,0,0,0,0,0,0,0,0,0,0,0,0,0,0,0,0,0,0,0,0,0,0,0,0,0,0,0,0,0
...,0.001078296,0.001120454,0.001129874,0.001177432,0.001346238,0.001585625,0.001670288,0.001829295,0.001952415,0.002034705,0.001955006,0.001875587,0.002169402,0.00217758,0.002314624,0.002412610,0.002395511,0.002327309,0.002518201,0.002465087,0.002916352,0.002831767,0.002533416,0.002538177,0.002898227,0.002542676,0.002768275,0.002651476,0.002493431,0.002761097,0.002537473,0.003016744,0.002279283,0.002477944,0.002516857,0.002734292,0.002613521,0.002760635,0.002561246,0.002698962,0.00290793,0.002671307,0.002959349,0.003299121,0.002963549,0.003018306,0.003001099,0.003096231,0.003092851,0.003363634,0,0,0,0,0,0,0,0,0,0,0,0,0,0,0,0,0,0,0,0,0,0,0,0,0,0,0,0,0,0,0,0,0,0,0,0,0,0,0,0
...,0.004809479,0.004922699,0.004745841,0.004884978,0.005029506,0.004545109,0.00437747,0.004542307,0.003496107,0.003335987,0.003149018,0.003191457,0.003232867,0.003424805,0.002774388,0.003176439,0.003024258,0.003013682,0.002650775,0.002913542,0.002759795,0.003094514,0.002818924,0.003003140,0.002898291,0.002925644,0.002839727,0.003538981,0.003235162,0.003398166,0.003558106,0.003530515,0.003882965,0.004138171,0.004533229,0.004584947,0.004702392,0.005073699,0.00494539,0.005240617,0.005575889,0.006188632,0.005972985,0.005736819,0.006544957,0.007826676,0.007307435,0.007952418,0.008159968,0.007404704,0,0,0,0,0,0,0,0,0,0,0,0,0,0,0,0,0,0,0,0,0,0,0,0,0,0,0,0,0,0,0,0,0,0,0,0,0,0,0,0
...,0.04970399,0.04358925,0.04458074,0.04954623,0.05556104,0.05104342,0.05529482,0.05088678,0.05310586,0.05774266,0.05007801,0.04903969,0.05178753,0.05301243,0.05363585,0.05258664,0.05823251,0.05998012,0.05947213,0.05182468,0.0561658,0.05927629,0.06088488,0.06005332,0.05569368,0.05878485,0.05847998,0.06030868,0.06127533,0.05989499,0.05848692,0.05476814,0.05124836,0.04895474,0.04889619,0.05027856,0.05151273,0.05349182,0.05477787,0.05400837,0.05470294,0.05335891,0.06047534,0.06215831,0.0612842,0.06325462,0.06688932,0.06681198,0.06396083,0.06260135,0,0,0,0,0,0,0,0,0,0,0,0,0,0,0,0,0,0,0,0,0,0,0,0,0,0,0,0,0,0,0,0,0,0,0,0,0,0,0,0

EU27.potential_commodity_crop_yield,0.002112082,0.002060118,0.002453497,0.002469994,0.002409417,0.002965548,0.002807578,0.002991970,0.003348137,0.00334736,0.003651874,0.003795504,0.003963750,0.003702172,0.003928419,0.00387243,0.004197751,0.004313775,0.004659254,0.00455093,0.004680923,0.005451989,0.005075769,0.005063235,0.005415374,0.005503472,0.005266923,0.005382867,0.005308103,0.004821614,0.005997678,0.004817268,0.005152853,0.005275818,0.005571212,0.005842926,0.006824764,0.006014696,0.006628855,0.00557398,0.006462986,0.006561895,0.005489728,0.007217327,0.007086911,0.006612407,0.006170876,0.007214215,0.006982613,0.007179974,0,0,0,0,0,0,0,0,0,0,0,0,0,0,0,0,0,0,0,0,0,0,0,0,0,0,0,0,0,0,0,0,0,0,0,0,0,0,0,0
...,0.001877818,0.002141082,0.001974152,0.002122850,0.002350949,0.002213691,0.002602020,0.002562162,0.002509149,0.002465692,0.002932201,0.002980176,0.003125457,0.003304076,0.003059230,0.003173333,0.003285351,0.003646848,0.003381602,0.003826187,0.003676794,0.003958114,0.003854816,0.004792057,0.004299375,0.004276147,0.004288702,0.004578432,0.004646748,0.004794371,0.004861658,0.004455437,0.004440391,0.004589743,0.00463221,0.004882578,0.004710677,0.00507653,0.00492186,0.004923275,0.004752928,0.004902642,0.004498291,0.005522455,0.005023652,0.004953351,0.004749098,0.005532017,0.00523972,0.005124957,0,0,0,0,0,0,0,0,0,0,0,0,0,0,0,0,0,0,0,0,0,0,0,0,0,0,0,0,0,0,0,0,0,0,0,0,0,0,0,0
...,0.00495378,0.004988062,0.004769287,0.004769133,0.0040443,0.00454756,0.004855871,0.004195499,0.004782421,0.004524766,0.004585016,0.003975501,0.004909078,0.004778314,0.00511127,0.004421795,0.003726625,0.004572846,0.005312046,0.005037679,0.005139521,0.005249026,0.005139094,0.005186045,0.005593818,0.005545704,0.005198517,0.00510663,0.005126162,0.005415985,0.005545991,0.005767766,0.005661356,0.005676236,0.00568267,0.006101974,0.006285044,0.006441664,0.006739786,0.006075746,0.006346463,0.006505057,0.006569622,0.006724696,0.006413107,0.006353529,0.00658136,0.006327674,0.006535701,0.006637285,0,0,0,0,0,0,0,0,0,0,0,0,0,0,0,0,0,0,0,0,0,0,0,0,0,0,0,0,0,0,0,0,0,0,0,0,0,0,0,0
...,0.002039690,0.00218276,0.002223541,0.002283498,0.002357230,0.002335025,0.002623270,0.002639042,0.002654242,0.002434803,0.002884164,0.002945927,0.002937081,0.003143420,0.002882280,0.002770492,0.003004014,0.003261782,0.002988761,0.003253331,0.003022211,0.003262262,0.003119962,0.003800353,0.003561727,0.003427859,0.003501044,0.003593518,0.003685361,0.003765695,0.003760849,0.003074529,0.003405479,0.003260004,0.003400356,0.003717102,0.003673646,0.003701718,0.003624648,0.003643017,0.003727866,0.003740454,0.003530978,0.004207158,0.003602258,0.003572431,0.003780922,0.004010542,0.004025164,0.003747013,0,0,0,0,0,0,0,0,0,0,0,0,0,0,0,0,0,0,0,0,0,0,0,0,0,0,0,0,0,0,0,0,0,0,0,0,0,0,0,0
...,0.002754862,0.002086267,0.003146666,0.001851644,0.002520649,0.002444893,0.002664245,0.002437556,0.002497360,0.002425955,0.002432465,0.002430103,0.00247761,0.002265671,0.002524524,0.002197146,0.002518517,0.002535603,0.002435045,0.002266871,0.001743272,0.002053281,0.001885617,0.002039638,0.00187393,0.001853006,0.002208652,0.001958293,0.002093484,0.001890700,0.002290185,0.001888308,0.001778342,0.001884636,0.001985457,0.002061138,0.002395441,0.002181432,0.00224254,0.002205984,0.002410397,0.002269173,0.002341805,0.002663810,0.002466243,0.002462768,0.002397865,0.002573101,0.002752830,0.002681830,0,0,0,0,0,0,0,0,0,0,0,0,0,0,0,0,0,0,0,0,0,0,0,0,0,0,0,0,0,0,0,0,0,0,0,0,0,0,0,0
...,0.03135042,0.02776259,0.03250164,0.03333035,0.03190083,0.03624924,0.03829262,0.03876704,0.03589577,0.03612264,0.03765722,0.03783762,0.03730966,0.0363219,0.03601151,0.0357215,0.03869692,0.03788901,0.03933822,0.03897439,0.04329783,0.04376015,0.0385094,0.04288574,0.04239593,0.04289622,0.04306936,0.04397493,0.04655169,0.04724332,0.04493217,0.04658044,0.05003724,0.0455564,0.04699503,0.04905828,0.05096643,0.05027482,0.05439145,0.05545796,0.05083184,0.05805178,0.05340839,0.05973323,0.06056547,0.05934786,0.06337783,0.06632268,0.07184621,0.06700766,0,0,0,0,0,0,0,0,0,0,0,0,0,0,0,0,0,0,0,0,0,0,0,0,0,0,0,0,0,0,0,0,0,0,0,0,0,0,0,0

E_Asia.potential_commodity_crop_yield,0.002297998,0.002379502,0.00258325,0.002664364,0.002318519,0.002584175,0.002371243,0.002330613,0.002784167,0.002713187,0.002753202,0.002570726,0.002768054,0.002883977,0.002927905,0.003196415,0.003308458,0.003468325,0.003666507,0.003934902,0.004072872,0.004199595,0.004322939,0.004629465,0.004792065,0.004992958,0.005135982,0.005433333,0.005409798,0.005835615,0.006429197,0.005729629,0.006205946,0.005511232,0.002095097,0.001478260,0.001766600,0.002842535,0.002208466,0.002159413,0.003016603,0.003356256,0.003506592,0.003516276,0.003014052,0.003683310,0.003256481,0.002884322,0.003437943,0.003389092,0,0,0,0,0,0,0,0,0,0,0,0,0,0,0,0,0,0,0,0,0,0,0,0,0,0,0,0,0,0,0,0,0,0,0,0,0,0,0,0
...,0.0006956147,0.000951959,0.0008778087,0.001024085,0.0009111064,0.0008646721,0.000956521,0.0008139597,0.0007211769,0.0009442008,0.001088734,0.0008085882,0.001155041,0.000955028,0.00125054,0.001041933,0.001032747,0.000823269,0.0007618262,0.0008077997,0.0009071447,0.001170363,0.001589568,0.001104063,0.001448797,0.001451641,0.00121655,0.001381343,0.001342981,0.001144166,0.001088683,0.0009377319,0.0009809489,0.0008676304,0.0008897772,0.0008102379,0.0008872177,0.000970836,0.0008347622,0.000801128,0.001058136,0.001001631,0.001205348,0.001336789,0.001175630,0.001665308,0.001570715,0.001751988,0.001752199,0.001621813,0,0,0,0,0,0,0,0,0,0,0,0,0,0,0,0,0,0,0,0,0,0,0,0,0,0,0,0,0,0,0,0,0,0,0,0,0,0,0,0
...,0.004191214,0.003781571,0.004455763,0.004489612,0.003964871,0.004376834,0.004025821,0.003849182,0.004589371,0.004502885,0.004630349,0.004536607,0.004822974,0.004923193,0.005045415,0.005475961,0.006068435,0.006089413,0.005779034,0.004226044,0.005382361,0.005097102,0.00516234,0.005417958,0.005297279,0.005453882,0.005145838,0.005453255,0.005428615,0.005162806,0.006352788,0.006748428,0.006551044,0.005966192,0.005132288,0.005247067,0.00531624,0.005552338,0.005695395,0.005528681,0.005719623,0.005423579,0.005161778,0.005748744,0.005769498,0.005777514,0.005156,0.006494181,0.00626659,0.00562899,0,0,0,0,0,0,0,0,0,0,0,0,0,0,0,0,0,0,0,0,0,0,0,0,0,0,0,0,0,0,0,0,0,0,0,0,0,0,0,0
...,0.001846791,0.00172939,0.001266714,0.001751150,0.001900847,0.002232434,0.002082184,0.002171062,0.002284967,0.002307639,0.002344957,0.002338494,0.002312909,0.002149763,0.002587957,0.002664711,0.001771624,0.002428584,0.00292697,0.002172651,0.002215591,0.002426871,0.002481847,0.002361118,0.002344323,0.002235253,0.002125995,0.002295496,0.002302119,0.002030842,0.002025651,0.002219119,0.00229893,0.002341640,0.002644764,0.002567005,0.002216523,0.002024064,0.002490342,0.002094259,0.002678538,0.002491762,0.002612581,0.002610994,0.002692289,0.002124637,0.002225630,0.002372284,0.002241595,0.002088414,0,0,0,0,0,0,0,0,0,0,0,0,0,0,0,0,0,0,0,0,0,0,0,0,0,0,0,0,0,0,0,0,0,0,0,0,0,0,0,0
...,0.0006043943,0.000578235,0.0005722959,0.000598085,0.0005965654,0.000716571,0.0007623764,0.0008539704,0.0008430051,0.0008610285,0.0009088828,0.0008674847,0.0008058245,0.001020488,0.001019141,0.00104357,0.001092600,0.001052986,0.001084852,0.001068310,0.001161907,0.001118448,0.001124164,0.001254667,0.001250460,0.001224365,0.001185724,0.001321180,0.001276168,0.001367682,0.001375269,0.001311232,0.001196438,0.00123549,0.001258924,0.001326181,0.001232374,0.001158953,0.001131746,0.001159218,0.001205653,0.001179308,0.001143648,0.001258573,0.001289188,0.001266213,0.001225964,0.001289805,0.001282249,0.001226617,0,0,0,0,0,0,0,0,0,0,0,0,0,0,0,0,0,0,0,0,0,0,0,0,0,0,0,0,0,0,0,0,0,0,0,0,0,0,0,0
...,0,0,0,0,0,0,0,0,0,0,0,0,0,0,0,0,0,0,0,0,0,0,0,0,0,0,0,0,0,0,0,0,0,0,0,0,0,0,0,0,0,0,0,0,0,0,0,0,0,0,0,0,0,0,0,0,0,0,0,0,0,0,0,0,0,0,0,0,0,0,0,0,0,0,0,0,0,0,0,0,0,0,0,0,0,0,0,0,0,0

INDIA.potential_commodity_crop_yield,0.000956734,0.0009922464,0.0009954168,0.001009961,0.001005001,0.0009644842,0.001122846,0.0009974282,0.0009679472,0.001279087,0.00089994,0.001094333,0.0009647737,0.0009481162,0.001203144,0.001060147,0.001051138,0.001076215,0.0009794252,0.001158573,0.001162165,0.001144783,0.001352108,0.001455608,0.001146019,0.001281896,0.001028844,0.001395475,0.001631638,0.001517826,0.001376318,0.001675824,0.001601501,0.001447961,0.001594581,0.001709365,0.001711122,0.001796944,0.001792186,0.001821608,0.001999575,0.001680688,0.002040513,0.001907300,0.001938497,0.001912465,0.002335185,0.002414933,0.002002401,0.001958217,0,0,0,0,0,0,0,0,0,0,0,0,0,0,0,0,0,0,0,0,0,0,0,0,0,0,0,0,0,0,0,0,0,0,0,0,0,0,0,0
...,0.0008507001,0.0008896094,0.000792936,0.0007299059,0.0009132022,0.0008267579,0.0008874435,0.001102806,0.001168786,0.001208583,0.001306571,0.001379907,0.001270813,0.001171931,0.001338367,0.001410315,0.001386607,0.001479756,0.001568283,0.001435614,0.001629917,0.001691254,0.001815809,0.001843223,0.001870103,0.002045962,0.001916152,0.002001908,0.002244389,0.002121084,0.002281387,0.002394022,0.002326664,0.002379580,0.002559043,0.002482804,0.002678948,0.002485194,0.002590078,0.002778465,0.002708095,0.002762085,0.002610001,0.002713180,0.002601568,0.002618772,0.002707914,0.002802216,0.002907387,0.002829944,0,0,0,0,0,0,0,0,0,0,0,0,0,0,0,0,0,0,0,0,0,0,0,0,0,0,0,0,0,0,0,0,0,0,0,0,0,0,0,0
...,0.001541895,0.001395871,0.001549806,0.001617081,0.001293586,0.001295197,0.001548362,0.00161341,0.001609448,0.001684888,0.001710958,0.001604566,0.001725924,0.001574360,0.00185817,0.001637240,0.001961284,0.001991208,0.001610474,0.002000224,0.001962322,0.001849660,0.002183299,0.002127195,0.002329223,0.002205166,0.002199094,0.002548627,0.002616057,0.002612459,0.002627091,0.00260924,0.002830344,0.002864484,0.002697196,0.002822581,0.002845654,0.002880544,0.002978211,0.002850801,0.003115813,0.002616324,0.003117662,0.002975586,0.003153702,0.003175919,0.003292416,0.003416858,0.003194743,0.003264411,0,0,0,0,0,0,0,0,0,0,0,0,0,0,0,0,0,0,0,0,0,0,0,0,0,0,0,0,0,0,0,0,0,0,0,0,0,0,0,0
...,0.0004630401,0.0005195524,0.0004935337,0.0005091499,0.0004227757,0.0004818367,0.0005187194,0.0004997424,0.0005153437,0.0005704348,0.0005184097,0.0004658996,0.0005754693,0.000534517,0.0006101795,0.0006401579,0.000653534,0.000666119,0.0006130425,0.0005985506,0.0006694045,0.000610161,0.0007238668,0.0006858487,0.0005707253,0.0005750898,0.0006671429,0.0007032529,0.0007952744,0.000774896,0.0006478588,0.0009398423,0.0007948381,0.0007887807,0.0007717145,0.0009138497,0.0007908025,0.0008761836,0.000822777,0.0008076175,0.0008769981,0.0007378033,0.0009824085,0.0008603953,0.0008662476,0.0009120109,0.001016438,0.001006467,0.000943647,0.000977956,0,0,0,0,0,0,0,0,0,0,0,0,0,0,0,0,0,0,0,0,0,0,0,0,0,0,0,0,0,0,0,0,0,0,0,0,0,0,0,0
...,0.0007847022,0.0007885452,0.0008182587,0.0008143777,0.0007261966,0.0007424957,0.0008363587,0.0008069268,0.0008514766,0.0008978391,0.000933217,0.0007760072,0.0009267638,0.0008563805,0.000961299,0.0008612374,0.0009086528,0.0009008155,0.0008747539,0.000842467,0.0009581096,0.000889821,0.0009473462,0.001029917,0.000961455,0.0009078212,0.0009413718,0.001138533,0.001160495,0.001138454,0.001066202,0.001239334,0.001177642,0.001284321,0.001307926,0.001366937,0.001319438,0.001292534,0.001245750,0.001224296,0.001333444,0.001170729,0.00146965,0.001347140,0.001429511,0.001491417,0.001727310,0.001521034,0.001537258,0.001780943,0,0,0,0,0,0,0,0,0,0,0,0,0,0,0,0,0,0,0,0,0,0,0,0,0,0,0,0,0,0,0,0,0,0,0,0,0,0,0,0
...,0.04558682,0.04233184,0.04099599,0.04634282,0.04690038,0.04372003,0.04034203,0.04665364,0.04923624,0.04913537,0.04832428,0.04751088,0.05093286,0.05116275,0.04985454,0.0509029,0.05338323,0.05615975,0.04911426,0.04935752,0.05784445,0.05835906,0.05644091,0.05597839,0.05767269,0.05998637,0.06044434,0.0600064,0.06099222,0.06559145,0.06539501,0.06614583,0.06387395,0.06715497,0.07119897,0.06773494,0.06649577,0.0711339,0.07653284,0.0709349,0.06857659,0.06736966,0.06357609,0.05937995,0.0647516,0.06692819,0.06903301,0.0688772,0.0644862,0.06613095,0,0,0,0,0,0,0,0,0,0,0,0,0,0,0,0,0,0,0,0,0,0,0,0,0,0,0,0,0,0,0,0,0,0,0,0,0,0,0,0

JAPAN.potential_commodity_crop_yield,0.005678161,0.005427326,0.005973479,0.005664495,0.0060125,0.006370229,0.007438819,0.007768868,0.007997455,0.008558673,0.008467742,0.009405882,0.009441088,0.009646772,0.009717878,0.00983492,0.01014958,0.01033131,0.01001632,0.009807214,0.009300554,0.009921978,0.008943204,0.01004477,0.00975212,0.01036308,0.01015281,0.009699233,0.009779865,0.01035774,0.01001116,0.009929433,0.009149333,0.01021372,0.009572113,0.009203588,0.009413872,0.009205313,0.009781546,0.009946961,0.009532231,0.009809977,0.009643495,0.009857196,0.009670133,0.00909204,0.01001033,0.01029314,0.009233914,0.008914127,0,0,0,0,0,0,0,0,0,0,0,0,0,0,0,0,0,0,0,0,0,0,0,0,0,0,0,0,0,0,0,0,0,0,0,0,0,0,0,0
...,0.002745491,0.002540498,0.001225801,0.002447855,0.002704350,0.002431149,0.002719313,0.003138958,0.002645375,0.002066318,0.002647625,0.002496922,0.002700935,0.002798309,0.002686384,0.002496072,0.002748837,0.003274107,0.003632886,0.003049712,0.002617647,0.003256365,0.003030950,0.003193187,0.003735897,0.003567006,0.003185909,0.003620567,0.003468992,0.003653994,0.003179724,0.003537063,0.003473856,0.003718236,0.002931923,0.003016404,0.00363873,0.003511097,0.003454384,0.003760656,0.003554596,0.004000967,0.004033459,0.004046566,0.004096956,0.003835089,0.004340010,0.004220307,0.003236678,0.002761237,0,0,0,0,0,0,0,0,0,0,0,0,0,0,0,0,0,0,0,0,0,0,0,0,0,0,0,0,0,0,0,0,0,0,0,0,0,0,0,0
...,0.004879348,0.005137208,0.005082051,0.00501106,0.004948934,0.005084101,0.005749005,0.005718331,0.005550473,0.00563478,0.005243884,0.005845819,0.006017544,0.005860499,0.0061856,0.005501259,0.006168299,0.006175824,0.005986384,0.005127892,0.0056295,0.005688082,0.005700836,0.006413823,0.006224594,0.006321754,0.006190121,0.005885782,0.006167859,0.006327869,0.005858956,0.006275404,0.004578308,0.006770344,0.006343248,0.006540212,0.006416283,0.006218767,0.006414318,0.00670226,0.006635404,0.006582346,0.00584985,0.00641505,0.0066483,0.0063359,0.006511058,0.006778611,0.006520936,0.006511057,0,0,0,0,0,0,0,0,0,0,0,0,0,0,0,0,0,0,0,0,0,0,0,0,0,0,0,0,0,0,0,0,0,0,0,0,0,0,0,0
...,0.002615095,0.002543007,0.002815240,0.002286435,0.002668730,0.002582787,0.00270311,0.002943963,0.00264639,0.002383954,0.002715445,0.002401787,0.002222630,0.002508657,0.002445121,0.002374065,0.002370159,0.002812952,0.003052904,0.002705318,0.002710241,0.002761098,0.002715328,0.003015667,0.002977476,0.002834191,0.002730136,0.002976814,0.002797517,0.002725604,0.002434229,0.002819142,0.003020426,0.002925848,0.002927473,0.003051165,0.002480709,0.001802773,0.002544917,0.002658086,0.002264701,0.002290457,0.002104095,0.002115197,0.002152220,0.002096683,0.002197883,0.002308078,0.001879400,0.001789607,0,0,0,0,0,0,0,0,0,0,0,0,0,0,0,0,0,0,0,0,0,0,0,0,0,0,0,0,0,0,0,0,0,0,0,0,0,0,0,0
...,0.001447158,0.001423764,0.001299954,0.001258262,0.001461612,0.001446523,0.001592387,0.001655546,0.001661645,0.001654179,0.001547688,0.001758612,0.001649412,0.001746613,0.001690500,0.001612054,0.001739783,0.001728789,0.001756074,0.001531741,0.001782881,0.001706265,0.001880055,0.001951528,0.001858902,0.001971669,0.001954561,0.001790882,0.001895297,0.001661853,0.001567358,0.00188985,0.001355731,0.002066841,0.002088824,0.002175029,0.001829522,0.001514003,0.00178401,0.001962407,0.002029733,0.001837651,0.001572270,0.001263746,0.001719867,0.001651202,0.001671923,0.001810922,0.001630110,0.001639423,0,0,0,0,0,0,0,0,0,0,0,0,0,0,0,0,0,0,0,0,0,0,0,0,0,0,0,0,0,0,0,0,0,0,0,0,0,0,0,0
...,0.03727706,0.04118066,0.03535572,0.04836271,0.04329683,0.0407565,0.04780636,0.05028958,0.04702979,0.05308183,0.04641516,0.05260262,0.05454803,0.04775484,0.04742058,0.05585464,0.05691087,0.0590642,0.06009564,0.05725152,0.05139706,0.06142857,0.05455638,0.05977335,0.06061922,0.05708138,0.05828008,0.0577573,0.06016254,0.05705393,0.05890961,0.05452696,0.052375,0.05766385,0.0577577,0.05252406,0.05628571,0.06293737,0.05773707,0.05490791,0.05962838,0.06002212,0.06039173,0.06406798,0.06097973,0.05873176,0.06535513,0.06628118,0.05901714,0.05310606,0,0,0,0,0,0,0,0,0,0,0,0,0,0,0,0,0,0,0,0,0,0,0,0,0,0,0,0,0,0,0,0,0,0,0,0,0,0,0,0

MEAS_Nafr.potential_commodity_crop_yield,0.001536929,0.001888522,0.001884239,0.001909878,0.002402756,0.002092923,0.002053978,0.002186561,0.002411972,0.002232393,0.002336096,0.002328411,0.002265297,0.002441236,0.002398273,0.002730277,0.002374698,0.002760649,0.002527567,0.002765861,0.002739703,0.002828644,0.00280757,0.003084991,0.003204714,0.003408972,0.003267631,0.003467389,0.003768153,0.004153084,0.004160072,0.003917594,0.003777443,0.004396179,0.00393941,0.005191214,0.005278661,0.005343224,0.005292817,0.00565626,0.005212402,0.005813698,0.005875262,0.005724414,0.005903957,0.006147416,0.006009736,0.006123344,0.006200289,0.005876915,0,0,0,0,0,0,0,0,0,0,0,0,0,0,0,0,0,0,0,0,0,0,0,0,0,0,0,0,0,0,0,0,0,0,0,0,0,0,0,0
...,0.0007272172,0.00092319,0.0008573828,0.0008117103,0.0008533126,0.0007827832,0.000825777,0.0009408592,0.0008329252,0.0008230507,0.000879305,0.001054429,0.0008346834,0.0009235667,0.00098657,0.001063242,0.0009078375,0.001007136,0.001017953,0.0010759,0.001014404,0.001166860,0.001080071,0.001150063,0.001281491,0.001451011,0.001397124,0.0015594,0.001385486,0.001628247,0.001741926,0.001668854,0.001648967,0.001842379,0.001776644,0.001890215,0.001692458,0.00189449,0.001785896,0.001644155,0.001985001,0.002195077,0.002276508,0.002286123,0.002078972,0.002495619,0.002155141,0.001902782,0.002379441,0.002265737,0,0,0,0,0,0,0,0,0,0,0,0,0,0,0,0,0,0,0,0,0,0,0,0,0,0,0,0,0,0,0,0,0,0,0,0,0,0,0,0
...,0.003408676,0.004346289,0.00425393,0.003976748,0.003821780,0.003487632,0.00395905,0.004028779,0.004023132,0.004117003,0.004170253,0.004171875,0.004103232,0.003978292,0.004197348,0.004378213,0.004277689,0.004600517,0.004446219,0.004171655,0.004389972,0.004331091,0.004176284,0.004276834,0.004604018,0.004625009,0.004371162,0.004246704,0.004741121,0.005171523,0.005291219,0.005350675,0.005366924,0.005540202,0.005568613,0.00598614,0.006030626,0.005981796,0.006071417,0.006201177,0.006229334,0.006777141,0.007188126,0.006797487,0.006800777,0.006818879,0.006879294,0.00713698,0.006811138,0.006327181,0,0,0,0,0,0,0,0,0,0,0,0,0,0,0,0,0,0,0,0,0,0,0,0,0,0,0,0,0,0,0,0,0,0,0,0,0,0,0,0
...,0.0006551901,0.0009601327,0.00086932,0.0008267246,0.0008762107,0.0006858078,0.0008287495,0.001049714,0.0009428561,0.000826852,0.0009234722,0.001038036,0.0007112096,0.0009243664,0.0008984081,0.001000757,0.0006911507,0.0008855579,0.0007910986,0.0009761013,0.0008132692,0.0009022079,0.0007602495,0.0007310624,0.0009423363,0.001058045,0.000847153,0.001304466,0.0008351782,0.0009209628,0.001061775,0.0009132636,0.001000850,0.001348423,0.001052966,0.001347090,0.0009895184,0.001075002,0.0009078965,0.0006853937,0.001117658,0.001170684,0.001322889,0.001197484,0.001030694,0.001301596,0.001042401,0.0007864444,0.001527712,0.001333122,0,0,0,0,0,0,0,0,0,0,0,0,0,0,0,0,0,0,0,0,0,0,0,0,0,0,0,0,0,0,0,0,0,0,0,0,0,0,0,0
...,0.002001393,0.002004001,0.001381697,0.001459144,0.002051167,0.00242849,0.001935118,0.001736833,0.002160316,0.001553343,0.001558775,0.001407626,0.001404319,0.001418470,0.001438513,0.001285637,0.001265083,0.001314213,0.001194904,0.001457765,0.001252600,0.00146298,0.001396616,0.001312279,0.001300979,0.001407520,0.001243562,0.001214124,0.001201074,0.001310473,0.001374525,0.001345798,0.001325527,0.001246996,0.001133298,0.00177583,0.001486115,0.001597668,0.001459515,0.001445526,0.001234257,0.001440245,0.001490206,0.001477257,0.001295162,0.001339714,0.001238994,0.001225212,0.001383275,0.001530503,0,0,0,0,0,0,0,0,0,0,0,0,0,0,0,0,0,0,0,0,0,0,0,0,0,0,0,0,0,0,0,0,0,0,0,0,0,0,0,0
...,0.04861818,0.05394188,0.0537682,0.04495343,0.04627718,0.04347444,0.04040226,0.04285064,0.04409559,0.04119548,0.04679864,0.0450448,0.04467868,0.04181128,0.04141392,0.04378766,0.0445584,0.04566158,0.04721693,0.0447044,0.04586497,0.04522617,0.04509327,0.05093616,0.05176579,0.05390708,0.04549954,0.05372264,0.05145171,0.05296717,0.05421935,0.05524575,0.05812309,0.05584111,0.05673582,0.05940217,0.0555802,0.05966608,0.06175644,0.0635705,0.06268888,0.06335689,0.06403673,0.06878328,0.06668083,0.06578488,0.06782476,0.06826311,0.06797244,0.0724724,0,0,0,0,0,0,0,0,0,0,0,0,0,0,0,0,0,0,0,0,0,0,0,0,0,0,0,0,0,0,0,0,0,0,0,0,0,0,0,0

Mala_Indo.potential_commodity_crop_yield,0.001047665,0.001116977,0.001050243,0.001124849,0.001083158,0.001080928,0.001081303,0.001109429,0.001112742,0.001107138,0.001154734,0.001240821,0.00120377,0.001294671,0.001363172,0.001325136,0.001304793,0.001381233,0.001457675,0.001536865,0.001580606,0.001646253,0.001746511,0.001740572,0.001807991,0.001908696,0.002003566,0.002002120,0.002157263,0.00219986,0.002208874,0.002242671,0.002228671,0.002228257,0.002267462,0.002483037,0.002609603,0.002646949,0.002659031,0.002762037,0.002846161,0.003065924,0.003239973,0.00334127,0.003450544,0.003468643,0.003661976,0.004069572,0.004226887,0.004402129,0,0,0,0,0,0,0,0,0,0,0,0,0,0,0,0,0,0,0,0,0,0,0,0,0,0,0,0,0,0,0,0,0,0,0,0,0,0,0,0
...,0,0,0,0,0,0,0,0,0,0,0,0,0,0,0,0,0,0,0,0,0,0,0,0,0,0,0,0,0,0,0,0,0,0,0,0,0,0,0,0,0,0,0,0,0,0,0,0,0,0,0,0,0,0,0,0,0,0,0,0,0,0,0,0,0,0,0,0,0,0,0,0,0,0,0,0,0,0,0,0,0,0,0,0,0,0,0,0,0,0
...,0.001786546,0.001805154,0.001755259,0.001780276,0.001799315,0.00180018,0.001778134,0.002142201,0.002254671,0.002377012,0.002429328,0.002450527,0.002563498,0.002656402,0.002632238,0.002779232,0.002779511,0.002866812,0.002974115,0.003260330,0.003447404,0.003667592,0.003768372,0.003822649,0.003862579,0.003895456,0.003941287,0.004012268,0.004150750,0.004208493,0.004251159,0.004267366,0.004295621,0.004266837,0.004282789,0.004351633,0.004352482,0.004125963,0.004180212,0.004325976,0.004317195,0.004400686,0.004477217,0.004471108,0.004511686,0.004556357,0.004643408,0.004828402,0.004932087,0.004954719,0,0,0,0,0,0,0,0,0,0,0,0,0,0,0,0,0,0,0,0,0,0,0,0,0,0,0,0,0,0,0,0,0,0,0,0,0,0,0,0
...,0,0,0,0,0,0,0,0,0,0,0,0,0,0,0,0,0,0,0,0,0,0,0,0,0,0,0,0,0,0,0,0,0,0,0,0,0,0,0,0,0,0,0,0,0,0,0,0,0,0,0,0,0,0,0,0,0,0,0,0,0,0,0,0,0,0,0,0,0,0,0,0,0,0,0,0,0,0,0,0,0,0,0,0,0,0,0,0,0,0
...,0.003809595,0.003795672,0.003867641,0.003775607,0.003832365,0.003861482,0.004177087,0.004067287,0.004430419,0.004361434,0.004769426,0.004842005,0.004755219,0.005154196,0.005509492,0.005873607,0.005893212,0.006259492,0.006600405,0.007060301,0.007301496,0.008376771,0.007604316,0.008538128,0.008953775,0.008588449,0.008974486,0.009405813,0.009982423,0.009782197,0.009837903,0.009707293,0.01122493,0.01107140,0.01146505,0.01191548,0.01260643,0.01203441,0.01373813,0.01410619,0.01437661,0.01472623,0.01606826,0.01661065,0.01776049,0.01817628,0.01744394,0.01765515,0.01752756,0.01774319,0,0,0,0,0,0,0,0,0,0,0,0,0,0,0,0,0,0,0,0,0,0,0,0,0,0,0,0,0,0,0,0,0,0,0,0,0,0,0,0
...,0.06130164,0.05773912,0.05235355,0.05664045,0.0563197,0.05201343,0.05219497,0.04572849,0.05052401,0.04795026,0.05298719,0.05327575,0.05148165,0.05612886,0.05720429,0.06005102,0.06644008,0.08118859,0.0731974,0.06290348,0.07885685,0.06409005,0.07139621,0.07110585,0.06240953,0.06292068,0.06526351,0.06476163,0.06195113,0.06381595,0.06071887,0.06480107,0.0634884,0.0630122,0.05844145,0.05869039,0.06226136,0.05923756,0.05190652,0.05559737,0.05597739,0.06115883,0.06066435,0.06462587,0.06492454,0.06289289,0.05267187,0.05342392,0.0539483,0.05386837,0,0,0,0,0,0,0,0,0,0,0,0,0,0,0,0,0,0,0,0,0,0,0,0,0,0,0,0,0,0,0,0,0,0,0,0,0,0,0,0

Oceania.potential_commodity_crop_yield,0.00284772,0.002876171,0.002978947,0.002776783,0.002910241,0.002591773,0.003247635,0.003322399,0.003630994,0.003707085,0.003985068,0.004326443,0.00459136,0.004721654,0.005073562,0.00520474,0.005254247,0.00553759,0.005819792,0.005386068,0.005578092,0.005743215,0.004823963,0.005583526,0.00485314,0.005518639,0.006222741,0.006267276,0.006731731,0.006767741,0.006996578,0.007265059,0.006921554,0.007507242,0.007684273,0.008237294,0.007893952,0.00755284,0.007473618,0.007013735,0.00703243,0.007281689,0.008212871,0.00775095,0.007644548,0.007408187,0.007792444,0.008121916,0.00839186,0.00816584,0,0,0,0,0,0,0,0,0,0,0,0,0,0,0,0,0,0,0,0,0,0,0,0,0,0,0,0,0,0,0,0,0,0,0,0,0,0,0,0
...,0.001156934,0.001270936,0.001357450,0.001405915,0.001021641,0.001527019,0.0008604474,0.001389587,0.001144472,0.001241436,0.001234441,0.0009050691,0.001365195,0.001381693,0.001412065,0.001345275,0.0009674958,0.001781333,0.001466479,0.0009816355,0.001394546,0.0007917278,0.001715472,0.001560435,0.001390192,0.001471452,0.001391575,0.001594140,0.001587907,0.001649618,0.001491343,0.001803927,0.001982974,0.001160688,0.001813932,0.002175882,0.001878049,0.001930111,0.002026459,0.001849791,0.002129223,0.0009260524,0.002012375,0.001651327,0.002037619,0.0009244767,0.001106712,0.001592365,0.001592773,0.001661266,0,0,0,0,0,0,0,0,0,0,0,0,0,0,0,0,0,0,0,0,0,0,0,0,0,0,0,0,0,0,0,0,0,0,0,0,0,0,0,0
...,0.004252909,0.004847579,0.004679561,0.004763918,0.005172544,0.005790354,0.00604648,0.006062293,0.006376444,0.005243705,0.00626889,0.005325406,0.006064968,0.005547404,0.00474524,0.005158221,0.005351748,0.004978607,0.005872552,0.004987544,0.006681839,0.006345556,0.006149952,0.005020245,0.006604398,0.005972755,0.005280844,0.006659092,0.007576117,0.008082821,0.008025644,0.008297233,0.007245163,0.007800364,0.008454054,0.006103463,0.008017694,0.008924685,0.008869546,0.007999357,0.009027028,0.008040844,0.00854539,0.007737879,0.006060304,0.009630698,0.006735512,0.003802353,0.005916181,0.009337265,0,0,0,0,0,0,0,0,0,0,0,0,0,0,0,0,0,0,0,0,0,0,0,0,0,0,0,0,0,0,0,0,0,0,0,0,0,0,0,0
...,0.0009328079,0.001063522,0.001086893,0.001120004,0.0009036533,0.001237280,0.0007621572,0.001222943,0.001093275,0.001179109,0.001334300,0.001043744,0.001247784,0.001401963,0.001397755,0.001364953,0.001027197,0.001451693,0.001562948,0.001204713,0.001360252,0.001016338,0.001491789,0.001726841,0.001562887,0.001639154,0.001522131,0.001628745,0.001755013,0.00176325,0.001711309,0.001913046,0.001890811,0.001348357,0.001841700,0.001949379,0.001950391,0.001968998,0.002169481,0.002121051,0.002243112,0.001284497,0.0022451,0.001784866,0.002183041,0.001202742,0.001509897,0.001922804,0.001967640,0.001905377,0,0,0,0,0,0,0,0,0,0,0,0,0,0,0,0,0,0,0,0,0,0,0,0,0,0,0,0,0,0,0,0,0,0,0,0,0,0,0,0
...,0.003545846,0.003416647,0.003576225,0.003530971,0.003446790,0.003490852,0.003391277,0.003412877,0.003473951,0.003164001,0.003006425,0.002517126,0.002687299,0.003011385,0.00287643,0.003390163,0.003409476,0.003226208,0.003093043,0.003567024,0.003794321,0.004107549,0.003752348,0.004111589,0.003731878,0.00390026,0.00392654,0.003846451,0.003791918,0.004380454,0.003933299,0.004957587,0.004636131,0.003543326,0.003750258,0.004267309,0.00373908,0.003240857,0.002735636,0.003064287,0.003193806,0.002765207,0.003060684,0.002862868,0.003750378,0.003099565,0.003017553,0.002845021,0.003066279,0.00322594,0,0,0,0,0,0,0,0,0,0,0,0,0,0,0,0,0,0,0,0,0,0,0,0,0,0,0,0,0,0,0,0,0,0,0,0,0,0,0,0
...,0.05672361,0.074667,0.07174842,0.07613023,0.06729972,0.07134045,0.07160185,0.07803723,0.06985982,0.07695489,0.07800056,0.07412793,0.08024952,0.07568346,0.07989965,0.07642927,0.07534458,0.07948397,0.07655925,0.07712676,0.07574448,0.07443272,0.07206477,0.07783492,0.07314757,0.0758127,0.07341808,0.07932876,0.08207357,0.07049478,0.05994269,0.060107,0.07845665,0.08526689,0.08827377,0.08942987,0.09088363,0.09015376,0.09008797,0.08618167,0.06647368,0.07026695,0.07778629,0.07812898,0.0821988,0.08439647,0.08326254,0.08012697,0.0728418,0.07376386,0,0,0,0,0,0,0,0,0,0,0,0,0,0,0,0,0,0,0,0,0,0,0,0,0,0,0,0,0,0,0,0,0,0,0,0,0,0,0,0

Oth_CEE_CIS.potential_commodity_crop_yield,0.001694060,0.001897487,0.002024633,0.002497263,0.00209028,0.002786552,0.002552580,0.002485402,0.002854873,0.002638484,0.00277708,0.002962782,0.003085076,0.003173571,0.003548377,0.003493940,0.003836236,0.003299356,0.004022343,0.003749464,0.003803791,0.004400247,0.004331862,0.004426076,0.003962960,0.005047605,0.004034242,0.003510669,0.004109902,0.003225886,0.005091397,0.003145162,0.003328398,0.003232738,0.003630402,0.003539038,0.004071410,0.0035459,0.004006063,0.002973011,0.003899185,0.004094629,0.003501684,0.004415944,0.005037626,0.004627377,0.003883748,0.005041122,0.00525769,0.005140748,0,0,0,0,0,0,0,0,0,0,0,0,0,0,0,0,0,0,0,0,0,0,0,0,0,0,0,0,0,0,0,0,0,0,0,0,0,0,0,0
...,0.001047278,0.001199553,0.001404312,0.001197847,0.001243868,0.001443545,0.001492391,0.001348437,0.001457059,0.001330670,0.001793821,0.001614022,0.001468284,0.001636574,0.001763276,0.002058075,0.002041876,0.002016606,0.002033251,0.002075294,0.002006874,0.002159123,0.00203931,0.002204021,0.002080006,0.002236815,0.002260954,0.00247537,0.002055122,0.002425216,0.002419832,0.001989252,0.002009701,0.001638814,0.001687473,0.001576161,0.001853839,0.001848844,0.001896279,0.001792825,0.002104581,0.002104987,0.001746533,0.002081233,0.002100542,0.002089587,0.002042980,0.002264622,0.002274108,0.001968212,0,0,0,0,0,0,0,0,0,0,0,0,0,0,0,0,0,0,0,0,0,0,0,0,0,0,0,0,0,0,0,0,0,0,0,0,0,0,0,0
...,0.003809949,0.003376928,0.003835738,0.004443450,0.004206596,0.003835241,0.003871691,0.004350685,0.003739169,0.003982375,0.00443847,0.003964588,0.004376698,0.004243855,0.004496365,0.004533577,0.004637206,0.004444496,0.004863844,0.004545525,0.00451134,0.00448419,0.004446807,0.004292262,0.004429606,0.004955455,0.005073134,0.004885178,0.004894938,0.004543965,0.004806061,0.00347109,0.003267568,0.003044464,0.002453128,0.002811518,0.002638695,0.003014909,0.002994143,0.002486341,0.003299700,0.003512628,0.003517945,0.003983058,0.004172439,0.004354103,0.00436126,0.004732888,0.004692845,0.004957656,0,0,0,0,0,0,0,0,0,0,0,0,0,0,0,0,0,0,0,0,0,0,0,0,0,0,0,0,0,0,0,0,0,0,0,0,0,0,0,0
...,0.001071652,0.001170883,0.001389388,0.001157215,0.00119856,0.001348554,0.001352271,0.001256128,0.001341627,0.001205408,0.001513674,0.001395222,0.001266683,0.001325438,0.001620664,0.00174285,0.001694229,0.001739454,0.001760424,0.001822602,0.001884373,0.001951976,0.001831746,0.001977352,0.001937874,0.002065054,0.002030831,0.002150746,0.001460258,0.002168772,0.002244992,0.001940128,0.001944069,0.001820069,0.00162625,0.001584309,0.001790345,0.001658751,0.001682844,0.001740397,0.001988547,0.002107391,0.001740578,0.002160729,0.002058177,0.002079694,0.001775877,0.002326411,0.002245063,0.001964599,0,0,0,0,0,0,0,0,0,0,0,0,0,0,0,0,0,0,0,0,0,0,0,0,0,0,0,0,0,0,0,0,0,0,0,0,0,0,0,0
...,0.001685853,0.001352267,0.001792941,0.001935324,0.001583563,0.002075027,0.001783864,0.002132014,0.001607274,0.001786412,0.001779335,0.002222151,0.001748601,0.002138569,0.00182276,0.002256699,0.001925835,0.002277674,0.001851121,0.002347369,0.001674486,0.002289025,0.001798164,0.002083872,0.001809956,0.002122040,0.001879537,0.002217382,0.001955071,0.002100943,0.001971137,0.002286300,0.002218585,0.002228066,0.002212985,0.002131597,0.002060199,0.002013649,0.001847066,0.002100682,0.001949835,0.002178246,0.001707157,0.001908502,0.002001494,0.002049151,0.001844429,0.002084035,0.001883553,0.001793095,0,0,0,0,0,0,0,0,0,0,0,0,0,0,0,0,0,0,0,0,0,0,0,0,0,0,0,0,0,0,0,0,0,0,0,0,0,0,0,0
...,0.02166247,0.02271361,0.02551914,0.02730664,0.02521191,0.03241784,0.03527497,0.03672135,0.03506440,0.03434206,0.03638593,0.0399032,0.03499925,0.03447629,0.03469864,0.03927336,0.03824612,0.03455984,0.03594451,0.03052969,0.03435925,0.0360126,0.03689034,0.03618357,0.03416005,0.03336622,0.03440133,0.03572476,0.03682542,0.03715835,0.04003385,0.02326092,0.02508648,0.02163954,0.02304483,0.02269162,0.02486633,0.02699573,0.0235838,0.02617652,0.02369675,0.02731146,0.02588719,0.030505,0.03234192,0.03363401,0.03359505,0.041036,0.04102642,0.03850488,0,0,0,0,0,0,0,0,0,0,0,0,0,0,0,0,0,0,0,0,0,0,0,0,0,0,0,0,0,0,0,0,0,0,0,0,0,0,0,0

R_Europe.potential_commodity_crop_yield,0.004673423,0.004524567,0.00489671,0.004920144,0.004224059,0.004937643,0.005715798,0.005505211,0.005696935,0.005866523,0.006610542,0.003647355,0.006889683,0.005797824,0.006539497,0.006169181,0.006479532,0.006752412,0.007542088,0.006471506,0.007508126,0.008532609,0.007302424,0.007032906,0.007270037,0.007752007,0.007268589,0.009880263,0.008981026,0.00851025,0.008298649,0.008570793,0.009180562,0.009021396,0.008620822,0.00883662,0.009558388,0.009251164,0.009160623,0.009954545,0.009205426,0.009484925,0.004305039,0.009584984,0.009623555,0.008448113,0.01013737,0.00968577,0.01039295,0.008480117,0,0,0,0,0,0,0,0,0,0,0,0,0,0,0,0,0,0,0,0,0,0,0,0,0,0,0,0,0,0,0,0,0,0,0,0,0,0,0,0
...,0.002722329,0.003715657,0.002853580,0.003589690,0.003210055,0.003214048,0.004001202,0.003833026,0.00350452,0.003545158,0.003970794,0.004172941,0.003787223,0.00460173,0.003863334,0.004183176,0.00363933,0.004458397,0.004767755,0.004337195,0.004685537,0.004854239,0.0047604,0.005961613,0.005282353,0.00476608,0.004636228,0.005225231,0.005786341,0.005319745,0.005612437,0.004892812,0.005811158,0.005062277,0.00563283,0.005947996,0.005465303,0.005650096,0.005057115,0.005534311,0.005062144,0.005211772,0.0048735,0.005536842,0.0053697,0.005059729,0.00522221,0.005454134,0.004853051,0.005038841,0,0,0,0,0,0,0,0,0,0,0,0,0,0,0,0,0,0,0,0,0,0,0,0,0,0,0,0,0,0,0,0,0,0,0,0,0,0,0,0
...,0,0,0,0,0,0,0,0,0,0,0,0,0,0,0,0,0,0,0,0,0,0,0,0,0,0,0,0,0,0,0,0,0,0,0,0,0,0,0,0,0,0,0,0,0,0,0,0,0,0,0,0,0,0,0,0,0,0,0,0,0,0,0,0,0,0,0,0,0,0,0,0,0,0,0,0,0,0,0,0,0,0,0,0,0,0,0,0,0,0
...,0.002863047,0.002458197,0.002666115,0.002788054,0.002663741,0.002408891,0.002946553,0.003566799,0.002826837,0.003283274,0.003421089,0.003178128,0.003393434,0.003917896,0.002781324,0.003089978,0.003617211,0.003858264,0.003741802,0.003791727,0.003835131,0.003899261,0.003527420,0.004493049,0.004089843,0.003347035,0.003897372,0.003504189,0.003918111,0.004602121,0.004286344,0.003310154,0.004181771,0.003910874,0.003811847,0.004407188,0.004257766,0.004400080,0.003868755,0.004165816,0.003959836,0.00379202,0.004007987,0.004639721,0.004045601,0.003886258,0.003976737,0.004572958,0.003855527,0.004002657,0,0,0,0,0,0,0,0,0,0,0,0,0,0,0,0,0,0,0,0,0,0,0,0,0,0,0,0,0,0,0,0,0,0,0,0,0,0,0,0
...,0.001534954,0.001961431,0.00167004,0.001762383,0.00166768,0.001434557,0.001891763,0.001996274,0.001512314,0.001917487,0.002239945,0.002184515,0.002044743,0.002608284,0.001739539,0.001905935,0.00186787,0.002203465,0.002294107,0.002332744,0.002306569,0.002426391,0.002072887,0.002588695,0.002326895,0.002233451,0.002601559,0.002543154,0.00278757,0.002392045,0.002641303,0.002352487,0.002535471,0.002013094,0.002539134,0.002544607,0.002795552,0.002782335,0.002420281,0.002721580,0.002512474,0.002672158,0.002536257,0.002954893,0.002880081,0.002639510,0.002675627,0.002817217,0.002905233,0.002852090,0,0,0,0,0,0,0,0,0,0,0,0,0,0,0,0,0,0,0,0,0,0,0,0,0,0,0,0,0,0,0,0,0,0,0,0,0,0,0,0
...,0.04427949,0.03451255,0.04298538,0.04778071,0.03554706,0.04338035,0.04881817,0.05043982,0.04373467,0.0419469,0.05293722,0.04021341,0.05439056,0.04976481,0.04211312,0.05196804,0.04564416,0.048411,0.05707816,0.05051639,0.06257805,0.05593844,0.05500099,0.05673572,0.05282223,0.05509082,0.05496157,0.062882,0.06130097,0.06043465,0.06277633,0.06395982,0.06934936,0.06106423,0.05973285,0.0679881,0.06262432,0.06744468,0.06797593,0.0794388,0.05915287,0.0774641,0.07112286,0.07817689,0.07723367,0.06623654,0.07433858,0.07939909,0.0851721,0.07233667,0,0,0,0,0,0,0,0,0,0,0,0,0,0,0,0,0,0,0,0,0,0,0,0,0,0,0,0,0,0,0,0,0,0,0,0,0,0,0,0

R_SE_Asia.potential_commodity_crop_yield,0.0008809408,0.000901227,0.0009651636,0.00096977,0.000925887,0.0009636364,0.001011459,0.001080553,0.001189121,0.001236599,0.001247982,0.0009810811,0.001215111,0.001227257,0.001252660,0.001238329,0.001082804,0.001264430,0.001268977,0.001304942,0.001373314,0.001361629,0.001419088,0.001531864,0.001617749,0.001557134,0.001407106,0.001636351,0.001648959,0.001604347,0.001680488,0.001740383,0.001854246,0.002021322,0.002078319,0.002225376,0.002149009,0.002284148,0.002317097,0.002449590,0.002535442,0.002546043,0.002731983,0.002862938,0.002920473,0.003058951,0.003213728,0.003170035,0.003422526,0.003409529,0,0,0,0,0,0,0,0,0,0,0,0,0,0,0,0,0,0,0,0,0,0,0,0,0,0,0,0,0,0,0,0,0,0,0,0,0,0,0,0
...,0.0003078324,0.0004123674,0.0005581655,0.0006761956,0.0006445364,0.0006343612,0.0004978829,0.0005763073,0.0004684198,0.000555002,0.0006242741,0.0005499029,0.0005479157,0.0004554927,0.0007451734,0.0006525517,0.0008782925,0.001025593,0.0005037381,0.001106413,0.001109957,0.001334062,0.001262951,0.001594173,0.001743134,0.001712145,0.001728588,0.001305994,0.001072314,0.0009524046,0.000901702,0.0009722571,0.0009503869,0.0009460741,0.000831565,0.0008531453,0.0009532368,0.0009535493,0.001086577,0.001151825,0.001181268,0.001271689,0.001277480,0.001568261,0.001388615,0.001516520,0.001576158,0.001858895,0.001874653,0.001896373,0,0,0,0,0,0,0,0,0,0,0,0,0,0,0,0,0,0,0,0,0,0,0,0,0,0,0,0,0,0,0,0,0,0,0,0,0,0,0,0
...,0.001555475,0.001590378,0.001677458,0.001637874,0.0016089,0.001574068,0.001622009,0.001626814,0.001723941,0.00187587,0.001838301,0.00176424,0.001841488,0.001808645,0.001826212,0.001891093,0.001770614,0.001903444,0.001970313,0.002090439,0.002189303,0.002306380,0.002330112,0.002425814,0.002427637,0.00245859,0.002406653,0.002465558,0.002528201,0.002528371,0.002595376,0.002657978,0.002703668,0.002850521,0.002853501,0.002902697,0.002920649,0.002970031,0.003056233,0.003221088,0.003289222,0.003419969,0.003457195,0.003575969,0.003634296,0.003655148,0.003738790,0.003815769,0.003777481,0.003813628,0,0,0,0,0,0,0,0,0,0,0,0,0,0,0,0,0,0,0,0,0,0,0,0,0,0,0,0,0,0,0,0,0,0,0,0,0,0,0,0
...,0.0003333917,0.0003983803,0.0004130405,0.000333931,0.0005925518,0.000701007,0.0004423675,0.0004955232,0.0005191813,0.0005352008,0.0008152053,0.0006271013,0.0006998558,0.0008214963,0.0008050221,0.0006677958,0.0006239551,0.0008427755,0.0007575687,0.0007668387,0.0008100022,0.0008517938,0.001175005,0.001052409,0.001199508,0.001082358,0.001009153,0.0009727174,0.0009341674,0.0009743494,0.0009583723,0.0009948728,0.0009808946,0.0009460885,0.0009720085,0.001050812,0.000946803,0.0008991388,0.0009409256,0.0009695708,0.0009947785,0.000947272,0.0009229707,0.0009037033,0.0009569231,0.000847127,0.0008877005,0.000888201,0.0008640673,0.0008708745,0,0,0,0,0,0,0,0,0,0,0,0,0,0,0,0,0,0,0,0,0,0,0,0,0,0,0,0,0,0,0,0,0,0,0,0,0,0,0,0
...,0.002650082,0.002953376,0.003044991,0.002856869,0.002458354,0.002801875,0.002333147,0.002215339,0.001938576,0.001991075,0.002239714,0.002654312,0.002451175,0.001834378,0.002619349,0.002955671,0.002652502,0.002566169,0.002015001,0.002204588,0.002310842,0.002218239,0.002073618,0.001733240,0.002095332,0.002498263,0.002470957,0.002176299,0.002215986,0.002648678,0.002332812,0.002561515,0.002852041,0.002869627,0.003044415,0.003124624,0.003342265,0.003082059,0.002923132,0.003275445,0.003355306,0.003517702,0.003616323,0.003599243,0.003578222,0.003886003,0.003751357,0.004018887,0.003830583,0.003675325,0,0,0,0,0,0,0,0,0,0,0,0,0,0,0,0,0,0,0,0,0,0,0,0,0,0,0,0,0,0,0,0,0,0,0,0,0,0,0,0
...,0.05711951,0.05855999,0.05979037,0.06187431,0.05209482,0.0504437,0.05764735,0.05561825,0.05428271,0.05963654,0.0554786,0.04857538,0.05463564,0.05990366,0.05694112,0.05852056,0.05457348,0.04445239,0.05223368,0.04877553,0.05598907,0.06009831,0.0516467,0.05770285,0.05100541,0.0512511,0.05056033,0.05569965,0.06220584,0.0553564,0.05450818,0.05712139,0.04907707,0.05181138,0.05536883,0.05817607,0.05861815,0.05476314,0.0564138,0.0568432,0.05775624,0.05959702,0.06514649,0.06207908,0.0564117,0.0578876,0.0663667,0.07045027,0.06848596,0.07025177,0,0,0,0,0,0,0,0,0,0,0,0,0,0,0,0,0,0,0,0,0,0,0,0,0,0,0,0,0,0,0,0,0,0,0,0,0,0,0,0

R_S_Asia.potential_commodity_crop_yield,0.001433854,0.0014473,0.00144485,0.001463192,0.001410387,0.001410692,0.001469336,0.001441085,0.001451103,0.001431828,0.001350801,0.001438432,0.00148637,0.001492133,0.001473682,0.001498217,0.001451782,0.001449596,0.001373618,0.001463267,0.001448229,0.001396511,0.001425269,0.001392829,0.001383095,0.001426461,0.001373512,0.001450451,0.001482320,0.001523422,0.001507922,0.001487236,0.001491664,0.001560282,0.001612942,0.001628289,0.001619373,0.001703701,0.001670794,0.001696201,0.001793790,0.001923115,0.001830205,0.002383704,0.002471739,0.002692375,0.002990601,0.003080902,0.002971139,0.003014623,0,0,0,0,0,0,0,0,0,0,0,0,0,0,0,0,0,0,0,0,0,0,0,0,0,0,0,0,0,0,0,0,0,0,0,0,0,0,0,0
...,0.0008899171,0.0008720434,0.0008346157,0.000871437,0.000899565,0.0007991666,0.0009021614,0.001090056,0.001098473,0.001113524,0.001001616,0.001068225,0.001219000,0.001228576,0.001278566,0.001368034,0.001343067,0.001288529,0.00142753,0.001503203,0.001556218,0.001503262,0.001609062,0.001473729,0.001564759,0.001739891,0.00151658,0.001616334,0.001720571,0.001668556,0.001679424,0.001803198,0.001749566,0.001712994,0.001875498,0.001832143,0.001885189,0.002028398,0.001981788,0.00213323,0.002061469,0.002120921,0.002175023,0.002149565,0.002370244,0.002222300,0.002471889,0.002206212,0.002461474,0.002377600,0,0,0,0,0,0,0,0,0,0,0,0,0,0,0,0,0,0,0,0,0,0,0,0,0,0,0,0,0,0,0,0,0,0,0,0,0,0,0,0
...,0.001694452,0.001572767,0.001747992,0.001722891,0.001684406,0.001599881,0.001716698,0.001814318,0.001850761,0.001797723,0.001742198,0.001706993,0.001903521,0.00182352,0.001933282,0.001879715,0.001990805,0.002018596,0.001962765,0.002099845,0.002086039,0.002092363,0.002310353,0.002211882,0.002231391,0.002242195,0.002295251,0.002324797,0.002511507,0.002534301,0.002584858,0.002595578,0.002701504,0.002498515,0.002665156,0.002751875,0.002734662,0.002901029,0.003109221,0.003320145,0.003238804,0.003334302,0.003373041,0.003366445,0.003560048,0.003612118,0.003793442,0.003871986,0.003941258,0.003877977,0,0,0,0,0,0,0,0,0,0,0,0,0,0,0,0,0,0,0,0,0,0,0,0,0,0,0,0,0,0,0,0,0,0,0,0,0,0,0,0
...,0.0006134575,0.0006430646,0.0006497731,0.0006294064,0.000628608,0.000629392,0.0006249601,0.0006667012,0.000699165,0.0006877011,0.00068873,0.0007071085,0.0006985802,0.0007184973,0.000719295,0.0007265037,0.0006611948,0.000672959,0.0006936684,0.0007305629,0.0006818008,0.0007045889,0.0006863971,0.0006767755,0.0006747083,0.0006789598,0.0006980853,0.000675492,0.0006981831,0.0007026861,0.0007618762,0.0006948751,0.0007812185,0.0007188456,0.0007076826,0.0007912186,0.0007773712,0.0007789117,0.00081672,0.0007131898,0.0007432685,0.0008582255,0.00073217,0.0007997546,0.0008538277,0.0008468459,0.0008800765,0.0008857551,0.0009639383,0.0009422895,0,0,0,0,0,0,0,0,0,0,0,0,0,0,0,0,0,0,0,0,0,0,0,0,0,0,0,0,0,0,0,0,0,0,0,0,0,0,0,0
...,0.002059939,0.002279194,0.002291626,0.002341908,0.002284902,0.002169669,0.00230277,0.002333574,0.002423359,0.002392224,0.002587392,0.002636426,0.002225842,0.002252364,0.002425007,0.00218149,0.002048849,0.002110862,0.002269184,0.002148018,0.002255772,0.002464915,0.002071363,0.002554373,0.002909701,0.003099855,0.003035982,0.002900794,0.003028384,0.003257206,0.003683852,0.003067132,0.002828990,0.003063836,0.003358679,0.003047108,0.003090861,0.002994424,0.003470206,0.003718398,0.003741032,0.003584203,0.00349491,0.004175476,0.003935988,0.003766592,0.003600137,0.003824954,0.004013983,0.003977501,0,0,0,0,0,0,0,0,0,0,0,0,0,0,0,0,0,0,0,0,0,0,0,0,0,0,0,0,0,0,0,0,0,0,0,0,0,0,0,0
...,0.03080409,0.03302611,0.03474476,0.0342175,0.03784637,0.03918421,0.03662045,0.03846602,0.04042072,0.04211616,0.03804202,0.03631758,0.03745390,0.03756382,0.03361691,0.03724754,0.03792818,0.03692459,0.03700435,0.03843969,0.03917849,0.03883048,0.0362981,0.0383641,0.03620527,0.03618424,0.05264951,0.03905441,0.04084943,0.04054277,0.04007414,0.04185419,0.04181276,0.04485733,0.04525454,0.04543769,0.04300905,0.04820462,0.04607749,0.04444088,0.04389059,0.04609933,0.04583458,0.04783418,0.04702112,0.04648753,0.05003776,0.04927171,0.0470263,0.05043412,0,0,0,0,0,0,0,0,0,0,0,0,0,0,0,0,0,0,0,0,0,0,0,0,0,0,0,0,0,0,0,0,0,0,0,0,0,0,0,0

Russia.potential_commodity_crop_yield,0,0,0,0,0,0,0,0,0,0,0,0,0,0,0,0,0,0,0,0,0,0,0,0,0,0,0,0,0,0,0,0.002684279,0.003102227,0.001701965,0.002761277,0.001748301,0.003163335,0.001636251,0.001971184,0.002122749,0.001813011,0.002858248,0.00321939,0.004039166,0.003866069,0.003615191,0.002930006,0.003858809,0.003531839,0.003008535,0,0,0,0,0,0,0,0,0,0,0,0,0,0,0,0,0,0,0,0,0,0,0,0,0,0,0,0,0,0,0,0,0,0,0,0,0,0,0,0
...,0,0,0,0,0,0,0,0,0,0,0,0,0,0,0,0,0,0,0,0,0,0,0,0,0,0,0,0,0,0,0,0.001903036,0.001765486,0.001449814,0.001394578,0.001548687,0.001842658,0.001360239,0.001568964,0.001614143,0.002057667,0.002067559,0.001704738,0.001981366,0.001932434,0.001949182,0.002100721,0.002445891,0.002320973,0.001917162,0,0,0,0,0,0,0,0,0,0,0,0,0,0,0,0,0,0,0,0,0,0,0,0,0,0,0,0,0,0,0,0,0,0,0,0,0,0,0,0
...,0,0,0,0,0,0,0,0,0,0,0,0,0,0,0,0,0,0,0,0,0,0,0,0,0,0,0,0,0,0,0,0.002840671,0.002638219,0.002712286,0.003206080,0.002480459,0.002337536,0.003037160,0.002735675,0.003494928,0.003493465,0.003766257,0.003152727,0.00376848,0.004203438,0.004357298,0.004487541,0.004602868,0.005143493,0.005279542,0,0,0,0,0,0,0,0,0,0,0,0,0,0,0,0,0,0,0,0,0,0,0,0,0,0,0,0,0,0,0,0,0,0,0,0,0,0,0,0
...,0,0,0,0,0,0,0,0,0,0,0,0,0,0,0,0,0,0,0,0,0,0,0,0,0,0,0,0,0,0,0,0.001599551,0.001496466,0.001451275,0.001048188,0.001232077,0.001683477,0.001199680,0.001284630,0.001467674,0.001787999,0.00180115,0.001810755,0.001618514,0.001617097,0.001672942,0.001715151,0.002123995,0.002067123,0.001471678,0,0,0,0,0,0,0,0,0,0,0,0,0,0,0,0,0,0,0,0,0,0,0,0,0,0,0,0,0,0,0,0,0,0,0,0,0,0,0,0
...,0,0,0,0,0,0,0,0,0,0,0,0,0,0,0,0,0,0,0,0,0,0,0,0,0,0,0,0,0,0,0,0.0009271158,0.0008658002,0.0007778752,0.0008891358,0.000671437,0.0008356882,0.0008214033,0.0008199315,0.0008830728,0.0007880264,0.0009741144,0.0009870523,0.001013812,0.001169723,0.001114137,0.001109439,0.001206535,0.001156189,0.000989621,0,0,0,0,0,0,0,0,0,0,0,0,0,0,0,0,0,0,0,0,0,0,0,0,0,0,0,0,0,0,0,0,0,0,0,0,0,0,0,0
...,0,0,0,0,0,0,0,0,0,0,0,0,0,0,0,0,0,0,0,0,0,0,0,0,0,0,0,0,0,0,0,0.01775527,0.01910140,0.01262665,0.01756974,0.01525213,0.01862499,0.01527242,0.01850072,0.01882485,0.01988946,0.02192138,0.02271643,0.02765398,0.02823189,0.03253556,0.02919235,0.03624639,0.03231888,0.02409169,0,0,0,0,0,0,0,0,0,0,0,0,0,0,0,0,0,0,0,0,0,0,0,0,0,0,0,0,0,0,0,0,0,0,0,0,0,0,0,0

S_S_AFR.potential_commodity_crop_yield,0.001030122,0.001066596,0.001071120,0.000933471,0.0009589028,0.001017124,0.001337728,0.001022612,0.001077809,0.001086467,0.001301997,0.001325317,0.001008807,0.001402712,0.001368969,0.001312116,0.00146777,0.001461799,0.001331166,0.001487062,0.001801535,0.001391076,0.001064707,0.001104598,0.001419817,0.001372215,0.001269656,0.001427191,0.001602686,0.001384357,0.001359023,0.001003729,0.001449746,0.001519829,0.001292144,0.001591181,0.001489549,0.001433173,0.001585265,0.001650427,0.001576783,0.001597994,0.001456609,0.001518540,0.001580164,0.001614543,0.001580107,0.001754916,0.001805244,0.001941729,0,0,0,0,0,0,0,0,0,0,0,0,0,0,0,0,0,0,0,0,0,0,0,0,0,0,0,0,0,0,0,0,0,0,0,0,0,0,0,0
...,0.0006932987,0.0006316621,0.0006731306,0.0008022312,0.0006521991,0.0006694677,0.0008371375,0.0008081163,0.0007964567,0.0007972124,0.0008758996,0.0008717251,0.0009473077,0.0009348884,0.001021737,0.001148505,0.001124679,0.001017699,0.001115290,0.001076064,0.001342608,0.001246319,0.001176188,0.001209485,0.001040495,0.001270146,0.001658264,0.001667876,0.001262262,0.001335226,0.001555324,0.001741740,0.001734122,0.001574753,0.001478285,0.001791264,0.001695176,0.001987662,0.001699356,0.001836301,0.001944511,0.002006934,0.001745365,0.001796731,0.001887885,0.002277479,0.002076483,0.002112115,0.002236658,0.002052144,0,0,0,0,0,0,0,0,0,0,0,0,0,0,0,0,0,0,0,0,0,0,0,0,0,0,0,0,0,0,0,0,0,0,0,0,0,0,0,0
...,0.001235678,0.001282509,0.001355031,0.001357157,0.001320332,0.001339927,0.001395138,0.001375379,0.001441727,0.001405501,0.001406862,0.001421153,0.00142499,0.001503557,0.001476797,0.001436305,0.001407016,0.001425903,0.001380688,0.001443800,0.001436997,0.001444448,0.001508006,0.001545943,0.001598352,0.00161234,0.001675792,0.001631264,0.00170839,0.001701721,0.001673502,0.001632262,0.001696055,0.001507454,0.001581676,0.001703713,0.001608415,0.001613088,0.001681453,0.001660266,0.001631375,0.001600259,0.001671758,0.001647806,0.001748414,0.001804513,0.001818178,0.002054369,0.002017888,0.002152087,0,0,0,0,0,0,0,0,0,0,0,0,0,0,0,0,0,0,0,0,0,0,0,0,0,0,0,0,0,0,0,0,0,0,0,0,0,0,0,0
...,0.0006764207,0.0006847792,0.0006789857,0.0006749587,0.0006431124,0.0006082256,0.0006744879,0.0006200411,0.0006268788,0.0006614671,0.0006571465,0.0006311815,0.0006217772,0.000768173,0.000733306,0.0006799046,0.0007045146,0.0007312694,0.0007506328,0.0007784923,0.0008707867,0.0008085222,0.0008033111,0.0007114822,0.0007978511,0.0007800849,0.0007539343,0.0007999463,0.0007383171,0.0007110484,0.0007654163,0.0007134596,0.0007072115,0.0007005503,0.0007265404,0.0007823703,0.0007219599,0.000778004,0.0007633916,0.0007519582,0.0008016002,0.000791098,0.0008277577,0.0008437292,0.0008566188,0.0009178253,0.0008985871,0.0009165562,0.0008593956,0.0008190872,0,0,0,0,0,0,0,0,0,0,0,0,0,0,0,0,0,0,0,0,0,0,0,0,0,0,0,0,0,0,0,0,0,0,0,0,0,0,0,0
...,0.001788177,0.001799272,0.001719898,0.001693536,0.001665787,0.001622179,0.001613505,0.001585595,0.001686477,0.001588283,0.0015986,0.001504263,0.001451682,0.001712604,0.001585404,0.001677599,0.001609635,0.001654001,0.001697549,0.001704036,0.001657512,0.001721964,0.001615442,0.001675014,0.001790501,0.001806191,0.001781573,0.00174478,0.001770713,0.001861448,0.001834756,0.001660715,0.001724389,0.001654525,0.001659343,0.001682697,0.001659195,0.001671345,0.001673298,0.001644662,0.001702333,0.001711580,0.001709346,0.001724576,0.001758503,0.001782773,0.001722253,0.001698168,0.001685761,0.001629198,0,0,0,0,0,0,0,0,0,0,0,0,0,0,0,0,0,0,0,0,0,0,0,0,0,0,0,0,0,0,0,0,0,0,0,0,0,0,0,0
...,0.06261265,0.06485994,0.06195554,0.06050787,0.05579639,0.0624635,0.06623062,0.06067392,0.06396038,0.06048657,0.06716412,0.06844901,0.06543706,0.06538672,0.06128308,0.0648695,0.06347247,0.06334683,0.06295136,0.05873132,0.06353316,0.06265685,0.05527689,0.05883636,0.05519745,0.05505939,0.05851109,0.05641332,0.05848172,0.05697006,0.05915811,0.05164513,0.0482273,0.05355483,0.05575209,0.05884615,0.06155648,0.0613881,0.05790773,0.05988031,0.05810797,0.05649835,0.05361486,0.05355233,0.05367423,0.05481577,0.05304708,0.05245229,0.05328986,0.05170729,0,0,0,0,0,0,0,0,0,0,0,0,0,0,0,0,0,0,0,0,0,0,0,0,0,0,0,0,0,0,0,0,0,0,0,0,0,0,0,0

S_o_Amer.potential_commodity_crop_yield,0.001497640,0.001563096,0.001449292,0.001535027,0.001460933,0.001757379,0.001909719,0.00163544,0.001647928,0.001955718,0.002006732,0.00163227,0.002189531,0.002288795,0.002061461,0.001848275,0.002418992,0.002609025,0.002428574,0.002088801,0.002946631,0.002488364,0.002481102,0.002606531,0.00290239,0.002841273,0.002493844,0.002725609,0.00233657,0.002542876,0.002823995,0.003206367,0.003228846,0.003168874,0.003345197,0.003108268,0.003542267,0.00451038,0.003884474,0.004080844,0.004027804,0.004331476,0.004597875,0.004509336,0.00514232,0.004235596,0.005034531,0.004796394,0.004188046,0.005685528,0,0,0,0,0,0,0,0,0,0,0,0,0,0,0,0,0,0,0,0,0,0,0,0,0,0,0,0,0,0,0,0,0,0,0,0,0,0,0,0
...,0.001236707,0.001399919,0.001476216,0.001707107,0.001303197,0.001223241,0.001266976,0.001043421,0.001333296,0.001351375,0.001299879,0.001544454,0.0015524,0.001393794,0.00153167,0.001591691,0.001352705,0.001647943,0.001648797,0.001542337,0.001390827,0.001978327,0.001793685,0.002204561,0.001635122,0.001827706,0.001951802,0.001933075,0.001974956,0.001946572,0.002196315,0.002348051,0.002059121,0.002181902,0.002033447,0.002246221,0.002560136,0.002331279,0.002435527,0.002480948,0.002271754,0.002105013,0.002583891,0.002685257,0.002591878,0.002642784,0.002794183,0.002139776,0.00267151,0.003307109,0,0,0,0,0,0,0,0,0,0,0,0,0,0,0,0,0,0,0,0,0,0,0,0,0,0,0,0,0,0,0,0,0,0,0,0,0,0,0,0
...,0.002365428,0.002374855,0.002354701,0.002346186,0.002346202,0.002326716,0.002567109,0.002553495,0.002816387,0.002945254,0.003006258,0.003179322,0.003290784,0.003439634,0.003505999,0.003397949,0.003482842,0.003519346,0.003566391,0.003539679,0.003705735,0.003745091,0.003676105,0.003773001,0.003699213,0.003618483,0.003930785,0.003902336,0.004012605,0.003824132,0.003803185,0.003919627,0.003934004,0.004122641,0.004156281,0.004273095,0.004572414,0.004339787,0.004687106,0.004926353,0.005030036,0.005065855,0.005126956,0.005202227,0.005109447,0.005428569,0.005436278,0.005654303,0.005269212,0.005071874,0,0,0,0,0,0,0,0,0,0,0,0,0,0,0,0,0,0,0,0,0,0,0,0,0,0,0,0,0,0,0,0,0,0,0,0,0,0,0,0
...,0.001183664,0.001229133,0.001184753,0.001233703,0.001064836,0.001364327,0.001194672,0.001169344,0.001310694,0.001449834,0.001541992,0.001328034,0.001695986,0.001859308,0.001775819,0.001932253,0.002009349,0.002219225,0.002128799,0.001707330,0.002538615,0.002420618,0.002445339,0.00232361,0.002377367,0.002275046,0.002129618,0.002275637,0.001909270,0.002060314,0.002171697,0.002408748,0.002456918,0.002285331,0.002210489,0.002304731,0.002456572,0.002892490,0.002594708,0.002692248,0.002553653,0.002775766,0.002835741,0.002764547,0.003054308,0.003019581,0.003004186,0.002898641,0.002514921,0.003289307,0,0,0,0,0,0,0,0,0,0,0,0,0,0,0,0,0,0,0,0,0,0,0,0,0,0,0,0,0,0,0,0,0,0,0,0,0,0,0,0
...,0.001188335,0.001185649,0.001188784,0.001192734,0.001246812,0.001281446,0.001324138,0.001562674,0.001311364,0.001439475,0.001420812,0.001484925,0.001472713,0.001555878,0.001564852,0.001549277,0.001749636,0.001550597,0.001809582,0.001545264,0.001902254,0.001891581,0.001768085,0.002064717,0.002014691,0.001976791,0.001987548,0.002262551,0.001997427,0.002219403,0.002468164,0.002363,0.002441355,0.002467399,0.002479344,0.002441295,0.002260066,0.002698730,0.002487171,0.002506284,0.002753116,0.002764278,0.002875472,0.002435895,0.002812319,0.002725617,0.002969485,0.00288237,0.002056287,0.002954750,0,0,0,0,0,0,0,0,0,0,0,0,0,0,0,0,0,0,0,0,0,0,0,0,0,0,0,0,0,0,0,0,0,0,0,0,0,0,0,0
...,0.05780283,0.06030682,0.06040088,0.05831661,0.05851266,0.06342433,0.06302286,0.06383101,0.06399708,0.0625855,0.06228876,0.06248012,0.06505412,0.06516006,0.06847692,0.0639711,0.06211941,0.06268096,0.0635267,0.0679974,0.06245073,0.065264,0.06579764,0.06315347,0.06310621,0.06186924,0.0618817,0.06375499,0.0702546,0.07022178,0.07118171,0.07094059,0.06910277,0.07081877,0.07049488,0.07135029,0.07319698,0.07055432,0.07164833,0.07261895,0.07350371,0.07814416,0.08034902,0.07998799,0.081622,0.08105236,0.08243998,0.08418587,0.08124392,0.07989205,0,0,0,0,0,0,0,0,0,0,0,0,0,0,0,0,0,0,0,0,0,0,0,0,0,0,0,0,0,0,0,0,0,0,0,0,0,0,0,0

USA.potential_commodity_crop_yield,0.003960122,0.004107082,0.004301057,0.003988882,0.004683444,0.004629296,0.005066087,0.005040817,0.005431484,0.004589292,0.005560876,0.006124412,0.005766088,0.004555508,0.005459794,0.00555727,0.005742129,0.006379376,0.006905657,0.00574721,0.006866033,0.007152689,0.005159433,0.006743765,0.007447583,0.007535322,0.007580364,0.00537394,0.007354812,0.007495224,0.006880227,0.008300982,0.006382436,0.008759637,0.007196483,0.008037388,0.008014348,0.008496928,0.00845929,0.0086555,0.008742112,0.00819171,0.008997649,0.01011666,0.00935008,0.009425922,0.009511951,0.009708274,0.01038896,0.009637122,0,0,0,0,0,0,0,0,0,0,0,0,0,0,0,0,0,0,0,0,0,0,0,0,0,0,0,0,0,0,0,0,0,0,0,0,0,0,0,0
...,0.001607044,0.001680882,0.001694917,0.001734432,0.001785251,0.001768850,0.001737540,0.001911598,0.002057969,0.002086503,0.002282860,0.002198322,0.002124841,0.001833309,0.002058198,0.002037481,0.002062924,0.002113577,0.002297992,0.002251265,0.002322853,0.002385878,0.002650932,0.002607273,0.002519668,0.002316747,0.002532977,0.002291289,0.002202408,0.002656678,0.002303779,0.002643274,0.00256993,0.002527023,0.002406482,0.002438892,0.002657433,0.002903384,0.002872563,0.002823839,0.002701802,0.002356710,0.002971175,0.002902631,0.002823057,0.00259859,0.002704634,0.003017466,0.002989703,0.003117646,0,0,0,0,0,0,0,0,0,0,0,0,0,0,0,0,0,0,0,0,0,0,0,0,0,0,0,0,0,0,0,0,0,0,0,0,0,0,0,0
...,0.003822706,0.004178522,0.004444909,0.004590595,0.004769322,0.004844225,0.005085091,0.004960005,0.004839856,0.005176266,0.005288187,0.005267906,0.00479111,0.004977027,0.005108577,0.005226811,0.004944987,0.005025659,0.00515479,0.004946094,0.005401504,0.00527907,0.005153176,0.005552293,0.006070402,0.006334031,0.006227095,0.00618013,0.00644655,0.006197479,0.006424382,0.006429191,0.006176188,0.006685122,0.00630103,0.006859308,0.006610153,0.006345745,0.006574367,0.007039737,0.007280746,0.007373012,0.007475867,0.007832847,0.007424452,0.007731253,0.008091728,0.007673096,0.007941254,0.00753751,0,0,0,0,0,0,0,0,0,0,0,0,0,0,0,0,0,0,0,0,0,0,0,0,0,0,0,0,0,0,0,0,0,0,0,0,0,0,0,0
...,0.001808716,0.001945805,0.001983447,0.001930438,0.002335074,0.002279756,0.002347606,0.002456176,0.002483528,0.002311381,0.002598892,0.002656790,0.002583849,0.002207422,0.00241803,0.002404735,0.002646235,0.002663023,0.002941917,0.002504758,0.003026611,0.002994551,0.002566637,0.002933497,0.00325144,0.003168951,0.003122889,0.00262222,0.002755460,0.003106467,0.002987084,0.00369347,0.003127660,0.003434838,0.003002474,0.003534779,0.003492267,0.003414402,0.003541502,0.003301170,0.003270241,0.002842063,0.002985837,0.00367915,0.003530956,0.003048380,0.003711758,0.003534020,0.003800486,0.003805187,0,0,0,0,0,0,0,0,0,0,0,0,0,0,0,0,0,0,0,0,0,0,0,0,0,0,0,0,0,0,0,0,0,0,0,0,0,0,0,0
...,0.002006316,0.001965365,0.001955574,0.001860778,0.001953314,0.001868368,0.001779923,0.001989279,0.001988964,0.001932436,0.002032103,0.002095394,0.002031762,0.001771846,0.002040738,0.001923052,0.002221942,0.002109591,0.002281092,0.001880217,0.002203560,0.002212807,0.001845684,0.002036089,0.002431327,0.002353733,0.002469261,0.002032186,0.002322139,0.002476416,0.002517493,0.00271871,0.002379913,0.002966933,0.002546346,0.002730559,0.002771376,0.002714706,0.002587376,0.002681242,0.002818258,0.002665232,0.002443728,0.003028301,0.003062135,0.003026188,0.002969133,0.002759246,0.003036483,0.003055774,0,0,0,0,0,0,0,0,0,0,0,0,0,0,0,0,0,0,0,0,0,0,0,0,0,0,0,0,0,0,0,0,0,0,0,0,0,0,0,0
...,0.05487526,0.05430602,0.05835308,0.05251104,0.05327657,0.05646373,0.05878878,0.05527636,0.05367685,0.05666637,0.05749491,0.06270667,0.05768322,0.0544256,0.05680936,0.05786538,0.05881876,0.05767051,0.05872567,0.05885428,0.06209885,0.06422329,0.0604266,0.0601583,0.06074466,0.06256869,0.06186406,0.05715026,0.05697364,0.05745192,0.05737827,0.05708862,0.05452337,0.05913716,0.05609034,0.05688962,0.05898321,0.06283197,0.06111474,0.07053113,0.06566645,0.06557194,0.06818055,0.06498035,0.06168315,0.0714244,0.06933223,0.06522588,0.06674356,0.06533713,0,0,0,0,0,0,0,0,0,0,0,0,0,0,0,0,0,0,0,0,0,0,0,0,0,0,0,0,0,0,0,0,0,0,0,0,0,0,0,0

